unique_id,gender,hold racket handed,play years_0,play years_1,play years_2,level_2,level_3,level_4,level_5
1968,0.9472834468,0.9242299795,0.1395801455,0.7702780366,0.0901417956,0.0453815572,0.8550667763,0.0569426715,0.0426089838
1969,0.8722838163,0.9519702792,0.0996289775,0.7161113024,0.1842597425,0.0344660729,0.1692939550,0.0225842129,0.7736557722
1970,0.9227863550,0.9520776868,0.0911777839,0.6770490408,0.2317731827,0.0293690171,0.1028511897,0.0229775570,0.8448023200
1971,0.8533564210,0.9409853816,0.0868948102,0.6896840930,0.2234210968,0.0404979959,0.1301686317,0.0253660548,0.8039672375
1972,0.7452504635,0.9379789829,0.1110559180,0.7343552709,0.1545888186,0.0428243987,0.3131873310,0.0409262367,0.6030619740
1973,0.8612036705,0.9535447955,0.2849429250,0.2441435903,0.4709134996,0.2027814537,0.7426951528,0.0237640329,0.0307593569
1974,0.9025989175,0.9519016743,0.0902580693,0.6953927875,0.2143491805,0.0318250284,0.1141666397,0.0193811636,0.8346272111
1975,0.9897818565,0.9581030607,0.2782201767,0.4941824079,0.2275974154,0.0499014631,0.3006942272,0.0157735515,0.6336308122
1976,0.9698570371,0.9353479147,0.2788206041,0.5618172288,0.1593621373,0.0287168808,0.3492935896,0.0405387059,0.5814508796
1977,0.9187545776,0.9554816484,0.0690523684,0.7313745022,0.1995731890,0.0267999284,0.0851500556,0.0183062293,0.8697438240
1978,0.8911218643,0.9505507946,0.0762757063,0.7149259448,0.2087983191,0.0273170117,0.0961602330,0.0211323071,0.8553904295
1979,0.9725342989,0.9330382347,0.2159048468,0.5396680832,0.2444270551,0.0927982032,0.4942457080,0.0181730427,0.3947830498
1980,0.6705740094,0.8845652342,0.0311939344,0.0453350618,0.9234709740,0.9078031182,0.0031778964,0.0158195291,0.0731994957
1981,0.9766308069,0.0371871889,0.0678619966,0.8813847303,0.0507533029,0.0558095090,0.1000222936,0.0333912633,0.8107769489
1982,0.9105365872,0.9479430914,0.0976677015,0.7015237212,0.2008086145,0.0325931795,0.1229244471,0.0205994491,0.8238829374
1983,0.8249370456,0.5987873077,0.2098233551,0.5589621663,0.2312144339,0.0913145766,0.1724307686,0.0433831215,0.6928715110
1984,0.8424079418,0.9808742404,0.7243413329,0.1056551859,0.1700035185,0.0838964432,0.0133174770,0.0192420911,0.8835439086
1985,0.9902675748,0.0269303545,0.2223035246,0.6941078305,0.0835886747,0.0320775509,0.2982778251,0.0752248690,0.5944197774
1986,0.8766201735,0.9220485687,0.1334657520,0.7202700973,0.1462641507,0.0442317612,0.2268443406,0.0271596573,0.7017642856
1987,0.6306724548,0.9428583384,0.0432930887,0.6455505490,0.3111563921,0.0249857251,0.0760220885,0.0379789136,0.8610132337
1988,0.9892885685,0.9093994498,0.2128881216,0.3144420087,0.4726698995,0.6348501444,0.0478920825,0.0651863590,0.2520713508
1989,0.6875697374,0.9318349361,0.1111217216,0.7140455246,0.1748327613,0.0538701676,0.2934928834,0.0345720761,0.6180648804
1990,0.9944603443,0.0209908877,0.1494951993,0.7895234823,0.0609812848,0.0281404704,0.1842286438,0.1681792289,0.6194516420
1991,0.7991414666,0.8728520274,0.2514755726,0.4805527627,0.2679716945,0.1481279731,0.3336534798,0.0632386431,0.4549798965
1992,0.6395965219,0.9362232685,0.0884530172,0.7504307628,0.1611161828,0.0458497107,0.2510673702,0.0367199667,0.6663628817
1993,0.9666610360,0.0395938754,0.1166913733,0.8482483029,0.0350603871,0.0375274494,0.0908940732,0.0291171148,0.8424614072
1994,0.9116294384,0.9324092269,0.1708822995,0.6399129629,0.1892047375,0.0532602407,0.3312580884,0.0225764960,0.5929051638
1995,0.8097522259,0.9225566387,0.1411008686,0.6970279813,0.1618710905,0.0284382068,0.9471233487,0.0182459410,0.0061925245
1996,0.2584218979,0.9249050617,0.0425281078,0.8425666690,0.1149052158,0.0243759304,0.0989274830,0.0760858655,0.8006106615
1997,0.8699120283,0.9333533049,0.0693619922,0.8022219539,0.1284160614,0.0676199719,0.3173581064,0.0242053848,0.5908166170
1998,0.9297991395,0.9430422783,0.1195267960,0.6993761063,0.1810971051,0.0353192762,0.2139930278,0.0263789576,0.7243087888
1999,0.9366325140,0.9595840573,0.0895251855,0.6730934978,0.2373812795,0.0262065865,0.1001091674,0.0223461129,0.8513382077
2000,0.9061304927,0.9329698682,0.2514176667,0.3708132803,0.3777690232,0.1824459881,0.7642716765,0.0248719528,0.0284103453
2001,0.8277907372,0.8761475086,0.2420316786,0.6190713048,0.1388969719,0.0741419345,0.7730299830,0.0726393759,0.0801887736
2002,0.9008395672,0.9362928271,0.1197165325,0.6569973230,0.2232861668,0.0294989534,0.1405443102,0.0367955677,0.7931612134
2003,0.5557588935,0.9371827841,0.0857164860,0.7657862306,0.1484972090,0.0517669916,0.2856214643,0.0359064043,0.6267051101
2004,0.8795464039,0.8811584115,0.5763670206,0.2956810296,0.1279519051,0.1141713783,0.0839060768,0.0629749820,0.7389475703
2005,0.2371642739,0.8750488162,0.0122193024,0.0084674135,0.9793133140,0.9506081343,0.0046313875,0.0073319729,0.0374285094
2006,0.9789341092,0.0348249525,0.0876361132,0.8550050855,0.0573587902,0.0531041175,0.0787017345,0.0288543701,0.8393397927
2007,0.9967278242,0.0210125372,0.1663457751,0.7440562844,0.0895979181,0.0422471575,0.4701848328,0.0856783167,0.4018897116
2008,0.9968595505,0.0334041491,0.1129620150,0.8387283683,0.0483096093,0.0430656075,0.0551362820,0.0414558388,0.8603422642
2009,0.9523509145,0.0539963804,0.1175887808,0.8551924825,0.0272187330,0.0364164039,0.1107487530,0.0386367477,0.8141980767
2010,0.5607270002,0.9125136137,0.0487572849,0.8246039748,0.1266387105,0.0404492244,0.1403098404,0.0372965299,0.7819443941
2011,0.9960787892,0.0152560212,0.1550282538,0.7575993538,0.0873724744,0.0374327935,0.2965516448,0.1331220865,0.5328934789
2012,0.8240907788,0.8329877257,0.2542839348,0.3678640425,0.3778519630,0.1784724593,0.4497630000,0.0671542585,0.3046102524
2013,0.6960063577,0.9183025956,0.0494164862,0.8477535844,0.1028299779,0.0482377559,0.1953330934,0.0369627103,0.7194663882
2014,0.9129675627,0.9547273517,0.0839207098,0.7046438456,0.2114354521,0.0253031496,0.0839300677,0.0207831357,0.8699836135
2015,0.9282350540,0.0089967512,0.7249396443,0.1062109470,0.1688494086,0.0593866073,0.1204405725,0.0446397811,0.7755330205
2016,0.8874734044,0.9199873805,0.1678637862,0.7057649493,0.1263712794,0.0432616547,0.8870888948,0.0421417318,0.0275076851
2017,0.7499739528,0.9589987993,0.0482479893,0.7320898771,0.2196621150,0.0320261158,0.1154053062,0.0288073272,0.8237612844
2018,0.9002621770,0.9270959496,0.1617114544,0.6494398713,0.1888486743,0.0495887287,0.2725461125,0.0251717102,0.6526934505
2019,0.8847981691,0.9503621459,0.0891510025,0.7142354250,0.1966135204,0.0309125483,0.1128939539,0.0214313921,0.8347622156
2020,0.3234497309,0.8140935302,0.0179981440,0.0185548272,0.9634471536,0.9309083819,0.0070146183,0.0114479447,0.0506290346
2021,0.3208724856,0.9653303623,0.1709897220,0.0888090953,0.7402011752,0.7295389771,0.0109090367,0.0529612862,0.2065906823
2022,0.3400048316,0.7841209769,0.0127750086,0.0111487042,0.9760763645,0.9446654320,0.0046143974,0.0087360255,0.0419840962
2023,0.6384317875,0.9291832447,0.0514094122,0.6975169182,0.2510736883,0.0293504205,0.0977809355,0.0404218957,0.8324468136
2024,0.6818219423,0.9359876513,0.1085373089,0.7015615702,0.1899011582,0.0349293984,0.1429222077,0.0371522382,0.7849961519
2025,0.7378996611,0.8058261275,0.2155490071,0.4893062711,0.2951447666,0.0967549011,0.1954600811,0.0466966778,0.6610883474
2026,0.9787322879,0.9172012806,0.1785851568,0.2267354578,0.5946794152,0.1454112977,0.8413181305,0.0073093940,0.0059611830
2027,0.3618696332,0.9706166983,0.0214182585,0.0576213859,0.9209603667,0.9231799841,0.0076851444,0.0308336467,0.0383012630
2028,0.9952497482,0.0155102750,0.3515186012,0.6090368032,0.0394445844,0.0234890021,0.3452071846,0.0719279051,0.5593758225
2029,0.8907578588,0.9356915951,0.1350514591,0.6701669693,0.1947815567,0.0516385324,0.2688255310,0.0258756783,0.6536602974
2030,0.8318229318,0.9244337678,0.1471521258,0.6704639792,0.1823838502,0.0340892933,0.9390969872,0.0197212212,0.0070924289
2031,0.9461709857,0.9397581220,0.2122902274,0.5793311000,0.2083786875,0.0434593558,0.7544786930,0.0199718177,0.1820901185
2032,0.9570888281,0.9478070736,0.2294850051,0.5539805889,0.2165343761,0.0440743826,0.2133390307,0.0189020131,0.7236846685
2033,0.8488325477,0.9031055570,0.5863995552,0.2804172933,0.1331831366,0.1004790515,0.0690948293,0.0566968508,0.7737293243
2034,0.7680670023,0.8851814866,0.1813205928,0.6743435860,0.1443358362,0.0350072682,0.9136756659,0.0352795795,0.0160374716
2035,0.9932841063,0.0080142384,0.1889232099,0.4521358311,0.3589410186,0.1628464162,0.5220669508,0.0939903408,0.2210962474
2036,0.6312080622,0.9410862923,0.0703802109,0.8033477068,0.1262721270,0.0433508754,0.2622592449,0.0293166190,0.6650732756
2037,0.8533476591,0.9529638290,0.2002216429,0.3411104977,0.4586678743,0.2563632131,0.6506795883,0.0314047597,0.0615524799
2038,0.9515641332,0.9315801263,0.1757991761,0.6286914945,0.1955093145,0.0474717356,0.2730320692,0.0231845286,0.6563116312
2039,0.9629495740,0.9571802616,0.2347925454,0.5818112493,0.1833962351,0.0612003170,0.6446819305,0.0162995607,0.2778181732
2040,0.8003055453,0.9483414888,0.1473456770,0.6816909313,0.1709633917,0.0565346703,0.5205181241,0.0446870029,0.3782601953
2041,0.7472916842,0.9351929426,0.0498546846,0.8333967924,0.1167484894,0.0446624160,0.2006330788,0.0346803963,0.7200241089
2042,0.9450578094,0.9443854690,0.2045610547,0.5437324047,0.2517065406,0.1480359435,0.7355142832,0.0317067876,0.0847430602
2043,0.9867988229,0.9337521195,0.2376074344,0.5578069687,0.2045855671,0.0474587381,0.3296846151,0.0147971520,0.6080594659
2044,0.6348251104,0.9432523251,0.0783233121,0.0165576544,0.9051189423,0.9196321964,0.0084774345,0.0214270987,0.0504632071
2045,0.5242576003,0.9308748841,0.0554932207,0.7909911275,0.1535157114,0.0359599851,0.1375285089,0.0472007543,0.7793107033
2046,0.9737414122,0.9376828074,0.1799052507,0.6029660106,0.2171286941,0.0398042090,0.2412764281,0.0163667947,0.7025526166
2047,0.7018677592,0.9312813282,0.1326018870,0.7213166356,0.1460815221,0.0511857718,0.3927217424,0.0309012514,0.5251913071
2048,0.7919762135,0.9377894402,0.0984965712,0.6895936728,0.2119097412,0.0551449507,0.3655555248,0.0590274595,0.5202720761
2049,0.9124484062,0.9479197264,0.0738082528,0.7376816273,0.1885101199,0.0488861538,0.1812131256,0.0233398620,0.7465608120
2050,0.9304842949,0.9511986971,0.1590939462,0.5622881055,0.2786178887,0.1455443203,0.3860673904,0.0737097859,0.3946785033
2051,0.8263221979,0.9271159172,0.0715045705,0.7535235286,0.1749719679,0.1046634465,0.3469727635,0.0743325129,0.4740312099
2052,0.9144466519,0.9479510188,0.0971872061,0.7061863542,0.1966264099,0.0333220772,0.1242011189,0.0200408585,0.8224359155
2053,0.8358092308,0.9579939842,0.3344236910,0.3529925048,0.3125838041,0.2157295793,0.4209577143,0.0686253458,0.2946873009
2054,0.8391278982,0.9574490786,0.0415997542,0.4594092965,0.4989909530,0.3485129178,0.5665125847,0.0485198162,0.0364546552
2055,0.8503187895,0.9025976658,0.1407584250,0.6010491252,0.2581924498,0.0501433276,0.1327063143,0.0314292386,0.7857212424
2056,0.8939384222,0.9726267457,0.0427838229,0.5251076221,0.4321085513,0.2072337717,0.7551285028,0.0274170805,0.0102205919
2057,0.4728921950,0.9037861824,0.1000221744,0.7743280530,0.1256497800,0.0570048615,0.3087872863,0.0398612693,0.5943465829
2058,0.5809766054,0.9501094818,0.0475657284,0.7946742177,0.1577600390,0.0372183472,0.1673126519,0.0275520217,0.7679169178
2059,0.5738850832,0.9101917744,0.0492349491,0.8468983769,0.1038666219,0.0358609147,0.1495211869,0.0401188619,0.7744989991
2060,0.7949540615,0.8771599531,0.1713162363,0.5798892975,0.2487944961,0.0698954016,0.2387784272,0.0359002054,0.6554260254
2061,0.8729900718,0.9346300960,0.1285258830,0.7821171284,0.0893570185,0.0317430198,0.9256617427,0.0286496673,0.0139454529
2062,0.9338350892,0.9539781213,0.7253974676,0.1468379498,0.1277645826,0.1582916379,0.4479997456,0.0356545821,0.3580540121
2063,0.7963836789,0.9393436313,0.0744771808,0.6649817824,0.2605410516,0.0318305418,0.1095453277,0.0412801616,0.8173438907
2064,0.9948108196,0.0235679466,0.0881663114,0.8595235944,0.0523100831,0.0434384942,0.0624121726,0.0414396003,0.8527097702
2065,0.9512920976,0.9471855760,0.3311925232,0.5132656693,0.1555418074,0.1492232084,0.4100095630,0.1226781607,0.3180890679
2066,0.1597709358,0.9618602395,0.1240759492,0.1193090901,0.7566149235,0.8579816222,0.0074364650,0.0344954059,0.1000865400
2067,0.9527936578,0.0060377768,0.7774921656,0.1071766689,0.1153311059,0.0460469648,0.1417794079,0.0416246653,0.7705489993
2068,0.9669244289,0.0826461539,0.1190827340,0.7935659885,0.0873512477,0.0466692187,0.0813307613,0.0504254960,0.8215745687
2069,0.8139422536,0.9051822424,0.1458864510,0.2981844842,0.5559290648,0.2143828124,0.7469474673,0.0179940965,0.0206755884
2070,0.9842635989,0.9660723209,0.1323344558,0.4987196326,0.3689458668,0.0306580719,0.2716201544,0.0368638262,0.6608579159
2071,0.9724903107,0.0407135971,0.1144000664,0.8357148170,0.0498851128,0.0481924228,0.0865903199,0.0290690660,0.8361482620
2072,0.9726573229,0.0407380238,0.1274240762,0.8320798278,0.0404960997,0.0338712484,0.0925684497,0.0293172244,0.8442431092
2073,0.9731291533,0.0475331619,0.0972413719,0.8299317360,0.0728268996,0.0619630814,0.0826488435,0.0333127268,0.8220753074
2074,0.3540639579,0.9305455685,0.0313147195,0.8262676597,0.1424176395,0.0355390683,0.1165411621,0.0419170000,0.8060027361
2075,0.8747926354,0.9612401128,0.2480306327,0.2921746373,0.4597947299,0.2473003119,0.6584329009,0.0300776996,0.0641890913
2076,0.7542465329,0.8771235347,0.1205995455,0.2261995673,0.6532009840,0.1286272407,0.8617436886,0.0058831810,0.0037459023
2077,0.7850810885,0.9390988946,0.1419906765,0.6886200309,0.1693893075,0.0517477281,0.4437488914,0.0572663918,0.4472369552
2078,0.9596480727,0.9369466305,0.7553745508,0.1761958152,0.0684296861,0.0469270833,0.8603799343,0.0319573283,0.0607356839
2079,0.2360111773,0.8773727417,0.0333801210,0.0232180730,0.9434018135,0.9308909178,0.0104394574,0.0142686507,0.0444010124
2080,0.7234496474,0.9448785186,0.1192064136,0.5446491838,0.3361444175,0.0322802179,0.1274702996,0.0603090860,0.7799404263
2081,0.9748329520,0.0385578834,0.0726036131,0.8738931417,0.0535031967,0.0575327091,0.0845176503,0.0332092941,0.8247403502
2082,0.8468873501,0.9419505000,0.5971230268,0.2255005836,0.1773763746,0.0233505927,0.0272722729,0.0153863980,0.9339907169
2083,0.6746885180,0.8338037729,0.1860560179,0.5530974865,0.2608464956,0.0789692476,0.1790905744,0.0486332551,0.6933069825
2084,0.8962172866,0.9374750257,0.2826264203,0.4675345719,0.2498390675,0.1757411808,0.5569565892,0.0459563807,0.2213459015
2085,0.9543724060,0.9494050741,0.1110827252,0.6801030040,0.2088142633,0.0444017798,0.2123452574,0.0195506439,0.7237023115
2086,0.9232298136,0.9582961202,0.0954007134,0.7087519169,0.1958472878,0.0411180854,0.1663801819,0.0165229440,0.7759788036
2087,0.9257732034,0.9401648641,0.1873964220,0.6695953608,0.1430082321,0.0674336404,0.5194318295,0.0193580016,0.3937765062
2088,0.8660572767,0.9456056952,0.1176002622,0.7389364839,0.1434632242,0.0624380782,0.4339607954,0.0240161568,0.4795849919
2089,0.9027639627,0.9345316291,0.1663553566,0.6358432174,0.1978014410,0.0512727164,0.3419443071,0.0219222680,0.5848606825
2090,0.8678694963,0.9260910749,0.1427382827,0.6550259590,0.2022357434,0.0468633249,0.2276329249,0.0301174037,0.6953864098
2091,0.8517098427,0.9031617641,0.1826948375,0.6132614017,0.2040437609,0.0283702388,0.9404892325,0.0216964297,0.0094441511
2092,0.3644640446,0.8917688131,0.0458682664,0.8458918333,0.1082398519,0.0354164205,0.1207513586,0.0496374108,0.7941948175
2093,0.9029938579,0.9528955221,0.0966718495,0.6894317865,0.2138963640,0.0340000615,0.1222922578,0.0215346795,0.8221730590
2094,0.9037063122,0.9317699075,0.1708963662,0.6580995917,0.1710040122,0.0489001609,0.3930815756,0.0191796534,0.5388385653
2095,0.9933329225,0.0278858338,0.0975037739,0.8549104333,0.0475857221,0.0436575562,0.0691597462,0.0422266871,0.8449560404
2096,0.9584295750,0.9528484344,0.4257414937,0.3199983835,0.2542601228,0.1292720139,0.7286160588,0.0435254164,0.0985864550
2097,0.9959720969,0.0226128381,0.1371729374,0.7999518514,0.0628751963,0.0315207429,0.3538541198,0.0724480823,0.5421770811
2098,0.9437838197,0.9318313599,0.2218121886,0.3018851876,0.4763025939,0.1399355382,0.8447356820,0.0096617872,0.0056670476
2099,0.8678320646,0.9482818842,0.1516860425,0.6055039167,0.2428100556,0.0330777280,0.1787710935,0.0354539752,0.7526971698
2100,0.8413951397,0.9738108516,0.5587208271,0.2565792501,0.1846999377,0.1949431449,0.0255840048,0.0967010111,0.6827718616
2101,0.9681006074,0.9393136501,0.3100205958,0.4874708354,0.2025085390,0.1890153140,0.4154053032,0.1172052398,0.2783741355
2102,0.9226023555,0.1654047966,0.4526662529,0.3975363076,0.1497974247,0.0854848549,0.2929627001,0.0825562626,0.5389962196
2103,0.9816224575,0.9597437978,0.2020991594,0.5907539725,0.2071468830,0.0480806977,0.2765986323,0.0165945608,0.6587261558
2104,0.9265378714,0.9467665553,0.3720337749,0.3510443270,0.2769219279,0.0873771831,0.8379635215,0.0231027585,0.0515565239
2105,0.8795908689,0.9497057796,0.0606173016,0.7545963526,0.1847863793,0.0423267409,0.1597746909,0.0248311833,0.7730674148
2106,0.5145322680,0.9274196625,0.0371898599,0.8470984697,0.1157116592,0.0421573780,0.1689540446,0.0393500477,0.7495384812
2107,0.9215157032,0.9554929733,0.1021203697,0.6749596000,0.2229199857,0.0344082378,0.1320953965,0.0198416356,0.8136546612
2108,0.9118661880,0.9510242343,0.0838570446,0.7082563639,0.2078865767,0.0305651147,0.1047895327,0.0204135291,0.8442317843
2109,0.8274351358,0.9098888040,0.1440295875,0.6270058155,0.2289646119,0.0598737337,0.2177875936,0.0329667926,0.6893718839
2110,0.8994547129,0.9618196487,0.2841646075,0.2753125429,0.4405228198,0.2334766835,0.6624549031,0.0313665494,0.0727019161
2111,0.3079847693,0.9692313075,0.0400059260,0.0970087275,0.8629853129,0.9125025868,0.0085806167,0.0314317942,0.0474849716
2112,0.7754507065,0.8370086551,0.2086169720,0.5256032944,0.2657797635,0.0886926502,0.2249189466,0.0397792161,0.6466091871
2113,0.9081116915,0.9640539289,0.0352498814,0.6477105021,0.3170396388,0.1833546609,0.7686445117,0.0306322500,0.0173685830
2114,0.9693267345,0.9587911963,0.3886439502,0.4474589527,0.1638970822,0.1033875793,0.3544672132,0.0595609397,0.4825842083
2115,0.2749220133,0.9313275814,0.0378725715,0.8826523423,0.0794750080,0.0201831013,0.0794161633,0.0731456280,0.8272550702
2116,0.9085309505,0.9670064449,0.1309085637,0.3428195715,0.5262718797,0.1318348199,0.8518329263,0.0095317094,0.0068005552
2117,0.9062967300,0.9581900239,0.0349523127,0.7394157648,0.2256319225,0.1288842112,0.8355440497,0.0244747326,0.0110970531
2118,0.9501038194,0.9446779490,0.1445826739,0.6366581917,0.2187591642,0.0331303999,0.1308645904,0.0235646404,0.8124403358
2119,0.9662041068,0.0909066871,0.3692249358,0.5675311685,0.0632439107,0.0296959635,0.1706545502,0.0808720589,0.7187774181
2120,0.9966291785,0.0240582339,0.1782322228,0.7339945436,0.0877732784,0.0395622812,0.5038076639,0.0703992918,0.3862307966
2121,0.5865376592,0.9464739561,0.0476374142,0.8010733128,0.1512892544,0.0376526900,0.1708523035,0.0305295251,0.7609654665
2122,0.8218067288,0.9137629271,0.0971270874,0.1990487427,0.7038241625,0.1869477034,0.8005101085,0.0074928505,0.0050492543
2123,0.7009494901,0.9596859217,0.0414293483,0.7692449093,0.1893257499,0.0293058809,0.1095501781,0.0272496119,0.8338943720
2124,0.1884184480,0.9347123504,0.0244847164,0.8770362735,0.0984790102,0.0242900662,0.0803690925,0.0669268370,0.8284140229
2125,0.9699696302,0.9596221447,0.1541615129,0.6195294857,0.2263089269,0.0363565832,0.1830112040,0.0160962064,0.7645360231
2126,0.9902228117,0.0392490253,0.1044592038,0.8540006280,0.0415401869,0.0446700007,0.0787696391,0.0543670729,0.8221932054
2127,0.4096356630,0.8840725422,0.0525928289,0.8233819008,0.1240253225,0.0387982950,0.1262781620,0.0474545322,0.7874689698
2128,0.9622929692,0.9464962482,0.2266204059,0.5686465502,0.2047330737,0.0425202288,0.2162331492,0.0165093169,0.7247372270
2129,0.9428346157,0.9371554852,0.1322924793,0.6858358383,0.1818716973,0.0397450365,0.2228747606,0.0192554537,0.7181248069
2130,0.9972851276,0.0227384325,0.0626207963,0.8846197128,0.0527594648,0.0695125088,0.0694643632,0.0608027838,0.8002203107
2131,0.8062333465,0.9054045677,0.1083992645,0.6258202791,0.2657804787,0.0493430011,0.1388009936,0.0408248827,0.7710310817
2132,0.8907316923,0.9180866480,0.1142775193,0.1424676031,0.7432549000,0.1489966959,0.8436110616,0.0048881997,0.0025039841
2133,0.7972454429,0.9531669617,0.0656380653,0.7381801009,0.1961817592,0.0267091244,0.1098912656,0.0278288964,0.8355706334
2134,0.9797794223,0.9389132857,0.2182052135,0.5583350062,0.2234597951,0.0394521914,0.2018122822,0.0177688245,0.7409667373
2135,0.9966859221,0.0181288570,0.1761728525,0.7310376167,0.0927895159,0.0421891510,0.5222575665,0.0703053102,0.3652479351
2136,0.9310888648,0.9385433197,0.0456861816,0.2605033219,0.6938104630,0.0893159211,0.9040815234,0.0045445026,0.0020580734
2137,0.9858580232,0.0192415547,0.0534714051,0.9097042084,0.0368244536,0.0512248091,0.0907875821,0.0306163151,0.8273713589
2138,0.8348089457,0.9515314698,0.0847193599,0.7312981486,0.1839824617,0.0346203521,0.1646965146,0.0246618129,0.7760213614
2139,0.9159680009,0.9471590519,0.0717433020,0.7265564203,0.2017002553,0.0393885449,0.1456014663,0.0213860944,0.7936239243
2140,0.9286989570,0.9525654912,0.1025216803,0.6682394743,0.2292388827,0.0345809832,0.1312504411,0.0218462050,0.8123223186
2141,0.7558735609,0.8554641008,0.2132642567,0.5509613752,0.2357743680,0.1194349602,0.5426252484,0.0697646588,0.2681751251
2142,0.9612725973,0.0427288488,0.1171753481,0.8450846076,0.0377400778,0.0392850377,0.0960753188,0.0431437641,0.8214958310
2143,0.8003536463,0.8363043070,0.2312976271,0.5083658695,0.2603365183,0.0986663699,0.2602007985,0.0414072610,0.5997256041
2144,0.7799994946,0.9213302732,0.1019116789,0.6910025477,0.2070857584,0.0373902656,0.1283304393,0.0360305049,0.7982487679
2145,0.8824226260,0.9411500692,0.3570138812,0.3849734962,0.2580125928,0.1936324984,0.5945843458,0.0425456502,0.1692374200
2146,0.9244358540,0.9626612663,0.0562347136,0.7745553851,0.1692098826,0.0208382010,0.0734141022,0.0161719378,0.8895757794
2147,0.0951246619,0.9272194505,0.0259060748,0.8671208620,0.1069730893,0.0259397291,0.0867523849,0.0920627117,0.7952451110
2148,0.7749723196,0.9501693249,0.0674064532,0.7562220693,0.1763714701,0.0361773819,0.1604945660,0.0258415584,0.7774865031
2149,0.9902628660,0.0200530756,0.0612525530,0.8932136297,0.0455337726,0.0240532048,0.0317550637,0.0143815689,0.9298101664
2150,0.9912636280,0.0310586840,0.3233464062,0.6361354589,0.0405181721,0.0213991012,0.1618851870,0.0921577588,0.7245579958
2151,0.8775957823,0.9683188200,0.2535913587,0.2536186576,0.4927899837,0.2838035524,0.6035764813,0.0334765874,0.0791433901
2152,0.1358202845,0.9388131499,0.0246211961,0.8556156158,0.1197631881,0.0241321605,0.0733270794,0.0773964301,0.8251443505
2153,0.6694630980,0.9458758831,0.0602830499,0.0158489794,0.9238679409,0.9281851649,0.0063685332,0.0207018610,0.0447444431
2154,0.6230573654,0.9440259337,0.0713866055,0.7786279917,0.1499853581,0.0411736071,0.2199513316,0.0420391932,0.6968358755
2155,0.9456612468,0.0708170831,0.1117478013,0.8325203061,0.0557318330,0.0521615371,0.1120883301,0.0504353121,0.7853147984
2156,0.9692979455,0.8090298176,0.2866427004,0.1995728463,0.5137845278,0.1079144180,0.8054729104,0.0307082944,0.0559043922
2157,0.8293555379,0.9512016177,0.0819738656,0.7299098969,0.1881162077,0.0309242215,0.1398276687,0.0259923358,0.8032557368
2158,0.9744760990,0.0391610116,0.0978021622,0.8487211466,0.0534767173,0.0510822237,0.0830884576,0.0282306559,0.8375986218
2159,0.5660645366,0.9426678419,0.0957903415,0.7520008087,0.1522088051,0.0445362218,0.3028947711,0.0332675464,0.6193014383
2160,0.9620431066,0.9464387894,0.2127275765,0.6200124025,0.1672600508,0.0459860153,0.2297361940,0.0189751796,0.7053026557
2161,0.9322165251,0.9537705183,0.0894163847,0.7185446024,0.1920389980,0.0441635475,0.2071200609,0.0194980931,0.7292182446
2162,0.1457882375,0.9428809285,0.0215444006,0.8646045923,0.1138509735,0.0221194811,0.0685120746,0.0734473541,0.8359211087
2163,0.8935681581,0.9262142777,0.1561543494,0.6484606266,0.1953850091,0.0500833094,0.2653958797,0.0277072601,0.6568135023
2164,0.2797053754,0.9333990812,0.0381297022,0.8796422482,0.0822281092,0.0215993337,0.0806733742,0.0724977553,0.8252295852
2165,0.9921261072,0.9633048773,0.3065027893,0.4776535630,0.2158436626,0.0364790782,0.2553995550,0.0134768644,0.6946444511
2166,0.7662595510,0.9462521672,0.0623358153,0.0375919901,0.9000722170,0.8889616132,0.0080468766,0.0562430918,0.0467484072
2167,0.8992723823,0.9486939311,0.0648019612,0.7490535975,0.1861443967,0.0423069820,0.1517659426,0.0227329750,0.7831941247
2168,0.9719319940,0.0472139455,0.1210854426,0.8198757768,0.0590387806,0.0498804189,0.0898494944,0.0258712564,0.8343987465
2169,0.1534985602,0.9647786021,0.1446371078,0.0624138936,0.7929489613,0.8268964887,0.0113543542,0.0284548365,0.1332943588
2170,0.7846502066,0.9305140376,0.1648043841,0.6730580330,0.1621375233,0.0533343814,0.4419731200,0.0320541449,0.4726383686
2171,0.7130475640,0.7985532880,0.2546875477,0.4565622807,0.2887501419,0.1143670529,0.2266984880,0.0570000745,0.6019343138
2172,0.7261992693,0.8965646625,0.1399626434,0.6424324512,0.2176048756,0.0496240258,0.8876597285,0.0404181704,0.0222981703
2173,0.9488075972,0.0579416379,0.1153722405,0.8391632438,0.0454645194,0.0433705375,0.0976075158,0.0441555828,0.8148663044
2175,0.9888289571,0.0283705723,0.3334434330,0.5459937453,0.1205628440,0.0555628985,0.5481277108,0.0890388638,0.3072705269
2176,0.9691203833,0.9523257613,0.4414193332,0.0917026848,0.4668779969,0.2176646590,0.5021421313,0.0348102115,0.2453829944
2177,0.3032982051,0.9168179035,0.0278109759,0.8616399765,0.1105490625,0.0433439016,0.1590907872,0.0478955768,0.7496697307
2178,0.7402388453,0.8420687318,0.1643652618,0.5713407993,0.2642939389,0.0678765103,0.1454283744,0.0429313965,0.7437636852
2179,0.8350040913,0.8186379075,0.1953969151,0.4733009338,0.3313020766,0.0891629681,0.1656771004,0.0398110002,0.7053489685
2180,0.9906347394,0.0285413358,0.3072606027,0.6591172814,0.0336220786,0.0150813125,0.0977122262,0.0776577666,0.8095486760
2181,0.6422957778,0.8627626300,0.1642633528,0.1290426999,0.7066938877,0.4117414653,0.4924367070,0.0213296972,0.0744921565
2183,0.9259181023,0.9460667968,0.2197190970,0.5097659826,0.2705149055,0.1623937488,0.6617961526,0.0399536006,0.1358564943
2184,0.9585152268,0.9390062690,0.6042224765,0.0977872238,0.2979902923,0.1379293501,0.2759531140,0.0416693017,0.5444482565
2185,0.8106493354,0.9104405642,0.1608699709,0.3930728137,0.4460572600,0.1912838221,0.6769076586,0.0308697429,0.1009387895
2186,0.9941594601,0.0241641272,0.0899035707,0.8647561073,0.0453403629,0.0410295725,0.0651604384,0.0429720767,0.8508378863
2187,0.6350839734,0.8592082262,0.1299527436,0.1162975207,0.7537497282,0.4740414023,0.4413555562,0.0183682535,0.0662347898
2188,0.8580749035,0.9401732087,0.1090176851,0.7138825059,0.1770997643,0.0413353741,0.2841849029,0.0213532075,0.6531265378
2189,0.8021630645,0.8429448009,0.2222101986,0.4909889400,0.2868008316,0.1203793213,0.2610169947,0.0579267852,0.5606768727
2190,0.6944407821,0.9238940477,0.1103040650,0.7133860588,0.1763099134,0.0434227809,0.2286596596,0.0361101516,0.6918073893
2191,0.9939641356,0.0329421610,0.4051568806,0.5146848559,0.0801582113,0.0418539271,0.2231707722,0.1063028276,0.6286724806
2192,0.9108220339,0.9548035264,0.0712917149,0.7267728448,0.2019354254,0.0256810561,0.0850375816,0.0210728049,0.8682085276
2193,0.8876703382,0.9422279000,0.1183533892,0.6774291396,0.2042174488,0.0411714390,0.2705205679,0.0209116489,0.6673963070
2194,0.4593481123,0.9119338989,0.0908574387,0.8172683120,0.0918742493,0.0421980731,0.3445354998,0.0369025469,0.5763638616
2195,0.3484202921,0.9366676211,0.0500830226,0.7812215090,0.1686954498,0.0365935043,0.1477895081,0.0941103250,0.7215066552
2196,0.5462120175,0.9453265071,0.0373358727,0.7939748764,0.1686893106,0.0422334112,0.1753709018,0.0270270519,0.7553685308
2197,0.9750124216,0.0377388634,0.0987080932,0.8512846828,0.0500071682,0.0486573987,0.0837095231,0.0284444392,0.8391886950
2198,0.5640047193,0.9251707196,0.0934221223,0.8004863858,0.1060914993,0.0369374454,0.3120379746,0.0349222384,0.6161023974
2199,0.5199541450,0.9474947453,0.0415660515,0.8077020645,0.1507318616,0.0344652794,0.1434285194,0.0287384633,0.7933678031
2200,0.9358341694,0.9357190728,0.3727886975,0.5237267613,0.1034845114,0.0923854113,0.2305932641,0.0606812574,0.6163401008
2201,0.8414740562,0.9348950982,0.3752535880,0.2557944953,0.3689518571,0.2038837969,0.6066104174,0.0448982045,0.1446076185
2202,0.2524051666,0.9285017252,0.0411251187,0.8800421953,0.0788326785,0.0232947748,0.0917157978,0.0716032535,0.8133861423
2203,0.6089906693,0.9478667974,0.0433833897,0.8052788973,0.1513376683,0.0226337221,0.0966575891,0.0394065082,0.8413021564
2204,0.9977116585,0.0268051717,0.0957533717,0.8655279875,0.0387186632,0.0377929248,0.0472483039,0.0445053801,0.8704534769
2205,0.9285330176,0.9599552155,0.1177947447,0.4035351276,0.4786701500,0.2449947149,0.6534998417,0.0299453493,0.0715601668
2206,0.8240604997,0.9286255240,0.0639509186,0.7973214388,0.1387276202,0.0619608574,0.2492526323,0.0269489102,0.6618376374
2207,0.8191936016,0.9798901081,0.2290829718,0.2462236136,0.5246934295,0.4094518125,0.0569198318,0.0533252247,0.4803031683
2208,0.6267326474,0.9390134215,0.0428271815,0.8502144217,0.1069584265,0.0400649160,0.1680973172,0.0358235426,0.7560141683
2209,0.8900120854,0.9543693662,0.6785362959,0.1048815176,0.2165821642,0.0213130862,0.0103951646,0.0162734333,0.9520182610
2210,0.8674426675,0.9513549805,0.0498077944,0.7698131800,0.1803790033,0.0379181989,0.1355212778,0.0233386029,0.8032218218
2211,0.8508403897,0.9502043128,0.2035980672,0.2959202826,0.5004816055,0.2685837448,0.6468415856,0.0274985787,0.0570760518
2212,0.8230853081,0.9313786626,0.1310078949,0.7489231825,0.1200689003,0.0285785086,0.9395543337,0.0217474923,0.0101196729
2213,0.9945935607,0.0151687684,0.3941386640,0.5718783736,0.0339829400,0.0202177912,0.3544409275,0.0707159117,0.5546253920
2214,0.7847086787,0.9172378778,0.1352500468,0.7327957153,0.1319542229,0.0671528652,0.3718836308,0.0218419917,0.5391215086
2215,0.7293165326,0.9371272326,0.1364691556,0.7182612419,0.1452696025,0.0458867066,0.4010654390,0.0322103463,0.5208374858
2216,0.9191272855,0.1811536252,0.3366362751,0.5050250292,0.1583387107,0.0880002901,0.2402369231,0.0891944543,0.5825683475
2217,0.8729382157,0.9239137173,0.1580654234,0.5960655212,0.2458690554,0.0304135587,0.9519048333,0.0136564821,0.0040250677
2218,0.9390361309,0.9434669614,0.1156723276,0.6097175479,0.2746101022,0.0481091775,0.2385337502,0.0376734212,0.6756836772
2219,0.9052996635,0.9249995351,0.2137601972,0.5317759514,0.2544638813,0.1837652922,0.5335808992,0.0531215817,0.2295322418
2220,0.8942406774,0.2462932467,0.1667771488,0.7241832018,0.1090397090,0.0595906936,0.1260887533,0.0499271080,0.7643935084
2221,0.8507631421,0.9405053258,0.1431834847,0.7340868115,0.1227297261,0.0355487280,0.9269653559,0.0253086369,0.0121773221
2222,0.2811129093,0.9266908765,0.0414564684,0.8725660443,0.0859775543,0.0220769569,0.0839001983,0.0688279942,0.8251948953
2223,0.9737117887,0.0325126201,0.0548342653,0.9011051059,0.0440606214,0.0643104985,0.1200976223,0.0290133152,0.7865784764
2224,0.7913113236,0.9358249903,0.1144004241,0.6962571740,0.1893424094,0.0495036617,0.4202511609,0.0521299355,0.4781152308
2225,0.9226003289,0.9532614350,0.0804644078,0.7028627992,0.2166727632,0.0271113813,0.0864617527,0.0197865963,0.8666402698
2226,0.9893285632,0.0219664220,0.3827793598,0.5888379812,0.0283826590,0.0102295941,0.0596427284,0.0610536225,0.8690739870
2227,0.9815636873,0.9425292015,0.2507544756,0.6403477788,0.1088977456,0.0231803786,0.9162054062,0.0313982815,0.0292159133
2228,0.9399381876,0.0091298930,0.5107983947,0.1177015081,0.3715000749,0.1033540219,0.0965121835,0.0453077704,0.7548260093
2229,0.9258393049,0.9560047388,0.0886661336,0.6823801398,0.2289537787,0.0290526766,0.1111833081,0.0199351329,0.8398289680
2230,0.9374475479,0.9264296293,0.0714736208,0.8535366654,0.0749896616,0.0320328288,0.4437984228,0.0642383695,0.4599303603
2231,0.9326317906,0.9527367353,0.1563993692,0.3173441887,0.5262564421,0.2538419366,0.6120275855,0.0274238568,0.1067065671
2232,0.8496879339,0.9753284454,0.5935820937,0.2001567036,0.2062612027,0.2686482668,0.0323431306,0.0819591358,0.6170495152
2233,0.9948023558,0.0196944866,0.4306748211,0.5287105441,0.0406146757,0.0233118739,0.1980479956,0.0711891949,0.7074508667
2234,0.8860902786,0.9569169879,0.6228120327,0.1743953675,0.2027925700,0.0409992263,0.0547452196,0.0265994277,0.8776561022
2235,0.8676176667,0.9478177428,0.1319008768,0.6383420229,0.2297570705,0.0490825996,0.2963801622,0.0418885089,0.6126487851
2236,0.9986560345,0.9209931493,0.4243269563,0.3605800271,0.2150929570,0.0116157411,0.0551679172,0.0096669234,0.9235493541
2237,0.7657772899,0.8737678528,0.1553658843,0.5656636357,0.2789704800,0.0929240063,0.3406293988,0.0461507253,0.5202958584
2238,0.9730994701,0.9221115112,0.1932309121,0.6018275023,0.2049416155,0.0650553405,0.8775279522,0.0340166427,0.0234001074
2239,0.4268627763,0.9333813190,0.0287123825,0.8445522189,0.1267354190,0.0374413654,0.1251456141,0.0433455706,0.7940674424
2240,0.2310987115,0.9067714810,0.0420117900,0.8033630252,0.1546252221,0.0342401341,0.0938341171,0.0955925956,0.7763332129
2241,0.9186372757,0.9453865886,0.2153429389,0.4427738786,0.3418831229,0.1906706989,0.6343495250,0.0389393680,0.1360403150
2243,0.5814706683,0.9435079098,0.0966288373,0.7769756913,0.1263954490,0.0554516986,0.4194455743,0.0290678516,0.4960349202
2244,0.5104765296,0.9342264533,0.0988343656,0.7652530670,0.1359124780,0.0493136048,0.3520277739,0.0362744443,0.5623841882
2245,0.9931359291,0.0276357867,0.0980490223,0.8595175743,0.0424333513,0.0454711169,0.0769415721,0.0514493212,0.8261379600
2246,0.9327423573,0.9141887426,0.0939677507,0.7968358397,0.1091964170,0.0406309403,0.4384846687,0.0698748380,0.4510095119
2247,0.9690490365,0.9573004842,0.1557102352,0.5859508514,0.2583389580,0.0290637817,0.1317556500,0.0171246119,0.8220559955
2248,0.7957194448,0.9389026761,0.1231609285,0.6901850700,0.1866539866,0.0349253789,0.2477277219,0.0317256749,0.6856212616
2249,0.7845163941,0.9644103646,0.1002683043,0.5943887830,0.3053428829,0.0325398259,0.1800750196,0.0460370928,0.7413480282
2250,0.8917711973,0.9326279759,0.1216541678,0.6366190314,0.2417267859,0.0433790833,0.1368590742,0.0264956616,0.7932662368
2251,0.9856276512,0.0444127508,0.0475761481,0.3892739415,0.5631499290,0.0367786437,0.0093684150,0.0197537225,0.9340991974
2252,0.9010480642,0.9128070474,0.2400613278,0.5688915253,0.1910471618,0.1008820385,0.4644262493,0.0573420227,0.3773497045
2253,0.5404062867,0.9283345938,0.0894398168,0.7424362898,0.1681238711,0.0514504239,0.2596855462,0.0412943661,0.6475696564
2254,0.1459051073,0.9387239218,0.0243595801,0.8275541663,0.1480862349,0.0218613334,0.0606041141,0.0867539495,0.8307805657
2255,0.8993002772,0.9482290745,0.0675114393,0.7547518611,0.1777367443,0.0362377055,0.1259850264,0.0209986866,0.8167786002
2256,0.8812375069,0.9531933069,0.0750276521,0.4682061374,0.4567662477,0.3208064735,0.5775728822,0.0531611107,0.0484595336
2257,0.6498253942,0.9300231338,0.0475179963,0.8454768062,0.1070051268,0.0512828194,0.2394107878,0.0302899163,0.6790165305
2258,0.9856048226,0.0693183988,0.1794699132,0.7004193068,0.1201107800,0.0519364588,0.3783502877,0.0862345248,0.4834786654
2259,0.9084547758,0.9478370547,0.0560219549,0.5468606949,0.3971173167,0.2688137591,0.6436629891,0.0513777249,0.0361455828
2260,0.5974776745,0.9433284998,0.0512863286,0.7994204164,0.1492933035,0.0416590273,0.1871814132,0.0276883952,0.7434711456
2261,0.9092884660,0.9431281686,0.2504531741,0.3240534663,0.4254933298,0.2026472092,0.7209853530,0.0345505551,0.0418168604
2262,0.7051699162,0.9210168123,0.1126763523,0.6511422396,0.2361813784,0.0437337495,0.1534518301,0.0414461866,0.7613682747
2263,0.8856423497,0.9460892081,0.1036412865,0.6945578456,0.2018008679,0.0372501761,0.1591079682,0.0240642466,0.7795776129
2264,0.5533586740,0.9468798041,0.0900869966,0.7846755981,0.1252374351,0.0570433103,0.4027949870,0.0334818549,0.5066797733
2265,0.6861578822,0.9373075366,0.0907611847,0.7678466439,0.1413921118,0.0400319099,0.2479070127,0.0434895121,0.6685714722
2266,0.7255351543,0.8773967624,0.1643679589,0.5340251327,0.3016068935,0.0665238649,0.1737787277,0.0478255786,0.7118719220
2267,0.9571031332,0.9614369869,0.1951249987,0.4380990267,0.3667759895,0.1239027977,0.6126415730,0.0433393344,0.2201163322
2268,0.7327889204,0.9264502525,0.1030439511,0.7039197683,0.1930362582,0.0569489785,0.3064117134,0.0398127288,0.5968266129
2269,0.8198685646,0.9017606974,0.1217683330,0.2621971369,0.6160345674,0.0827187002,0.9091439843,0.0049235276,0.0032137367
2270,0.9948770404,0.0236397237,0.2046966255,0.6959318519,0.0993715525,0.0443205386,0.4448157549,0.0899540782,0.4209097028
2271,0.6325566173,0.9360062480,0.0750748515,0.7965370417,0.1283881217,0.0172935016,0.0852724761,0.0769616961,0.8204723597
2272,0.6796638370,0.9338182807,0.0960425735,0.7419676185,0.1619898230,0.0514402762,0.2813808918,0.0361377634,0.6310410500
2273,0.9632672668,0.9525313973,0.4330711067,0.2963788807,0.2705499530,0.0506467111,0.1839133501,0.0749376267,0.6905022860
2274,0.6100291014,0.9537590146,0.0418277308,0.7931671739,0.1650051326,0.0360734798,0.1567859203,0.0247096252,0.7824309468
2275,0.4233000278,0.9655409455,0.0457971282,0.0870339572,0.8671689034,0.9130318761,0.0105637647,0.0337761976,0.0426281616
2276,0.9320074916,0.9589363933,0.0746819526,0.7084357738,0.2168823034,0.0246539004,0.0836398751,0.0192885417,0.8724177480
2277,0.7670984864,0.8859094977,0.1268969476,0.6320905685,0.2410124391,0.0517749488,0.1424038708,0.0428239666,0.7629972696
2278,0.9564578533,0.1738515347,0.3206570745,0.5829507709,0.0963921696,0.0319896713,0.1147894338,0.0566566661,0.7965642810
2279,0.6981735826,0.9372563958,0.1536527574,0.0646288618,0.7817184329,0.6561911702,0.0220800750,0.1083252728,0.2134035230
2280,0.9833276868,0.0341471396,0.1104461104,0.8529768586,0.0365769491,0.0374319144,0.0743071660,0.0260234196,0.8622374535
2281,0.9739083648,0.0408281051,0.1090328693,0.8336071372,0.0573599748,0.0515224040,0.0869748145,0.0306437332,0.8308591247
2282,0.9283193946,0.9519147873,0.0736712217,0.7342466712,0.1920821369,0.0466179103,0.2156009376,0.0223485082,0.7154326439
2283,0.4862307310,0.9510466456,0.0434408374,0.0225872174,0.9339720011,0.9304744005,0.0071370075,0.0247804653,0.0376081914
2284,0.9805876613,0.9437515140,0.3187645674,0.6107841730,0.0704512745,0.0298959482,0.7397999167,0.0835013390,0.1468028873
2285,0.9805743694,0.9670880437,0.3523848951,0.5264313817,0.1211837009,0.0102156615,0.9785431623,0.0075640581,0.0036770981
2286,0.4370165765,0.9430470467,0.0598873161,0.6951065063,0.2450062037,0.0446250252,0.1761473119,0.0697391033,0.7094886303
2287,0.4477702379,0.9424242973,0.0475681052,0.8041743636,0.1482575387,0.0112372972,0.0472418517,0.0607578158,0.8807631135
2288,0.9419387579,0.9629909992,0.1619326174,0.4073042870,0.4307630956,0.2327001840,0.6024084687,0.0408227332,0.1240686178
2289,0.8513334394,0.9399457574,0.1596646905,0.6898773313,0.1504580081,0.0313252248,0.9451886415,0.0170706287,0.0064155273
2290,0.8168172836,0.9090198874,0.0354420729,0.0370884128,0.9274694920,0.9283389449,0.0028502117,0.0136029180,0.0552079491
2291,0.9384837747,0.9615944028,0.2633653879,0.5734535456,0.1631810814,0.0470481850,0.8696109653,0.0338176973,0.0495231897
2292,0.8589251041,0.9524506330,0.0965962708,0.7199909091,0.1834128350,0.0345331281,0.1701706350,0.0233965851,0.7718996406
2293,0.1649273336,0.9741253257,0.1262332052,0.0869927332,0.7867740989,0.8302463293,0.0064530619,0.0445928462,0.1187077463
2294,0.9874026775,0.0283096079,0.2902334034,0.5724170208,0.1373495460,0.0595302172,0.6399095058,0.0723890737,0.2281711400
2295,0.8643461466,0.8919376135,0.5815302730,0.2726797760,0.1457899809,0.1182269156,0.0839078873,0.0584814250,0.7393837571
2296,0.6698849201,0.8893935680,0.0867050737,0.1498380899,0.7634568214,0.3933056891,0.5704072118,0.0145720672,0.0217150524
2297,0.9812110662,0.9338264465,0.2246330380,0.5778862834,0.1974806190,0.0336259417,0.1979175955,0.0172789153,0.7511774898
2298,0.6221562028,0.9402132630,0.0582625009,0.7779809833,0.1637565047,0.0461987853,0.1855655164,0.0288830306,0.7393527031
2299,0.4663908780,0.8557282090,0.1274535805,0.0730057433,0.7995407581,0.4622288942,0.5039657354,0.0110392300,0.0227661971
2300,0.8139260411,0.8728043437,0.1499376446,0.6009399891,0.2491223663,0.0654595420,0.1680922210,0.0327325650,0.7337156534
2301,0.5796959400,0.9296821952,0.0668592677,0.7887644768,0.1443762183,0.0445420071,0.1846337914,0.0430037975,0.7278203964
2302,0.8142768145,0.9414567947,0.0684097037,0.6619016528,0.2696886957,0.0313990563,0.1092444807,0.0389837399,0.8203727007
2303,0.9047143459,0.9499454498,0.0892852917,0.7001432180,0.2105714530,0.0299856588,0.1048648655,0.0204991549,0.8446502686
2304,0.9205712676,0.9529039860,0.7404463887,0.0916432813,0.1679103822,0.0253314022,0.0203189682,0.0175218768,0.9368276596
2305,0.9887425900,0.0155564519,0.0379989296,0.9268509150,0.0351501666,0.0598939508,0.0905392468,0.0303244889,0.8192422986
2307,0.9765082002,0.0279648304,0.0893796161,0.8681073189,0.0425130688,0.0460506380,0.0770867020,0.0256681051,0.8511946201
2308,0.9765850902,0.0386467017,0.1048795208,0.8431344032,0.0519860759,0.0493722484,0.0853715166,0.0282102115,0.8370460272
2309,0.9420375824,0.9405426979,0.1232390478,0.6761743426,0.2005866021,0.0378207192,0.2068511844,0.0218218807,0.7335062027
2310,0.7883269787,0.9432948828,0.0625122786,0.6391339898,0.2983537316,0.0301333647,0.0922307149,0.0384190939,0.8392167687
2311,0.9866731167,0.0192117579,0.3774218261,0.4734745920,0.1491035819,0.0569372550,0.7257796526,0.0614327639,0.1558503658
2312,0.4107855558,0.9025359750,0.0444379710,0.8509252071,0.1046368182,0.0314826891,0.1248934045,0.0517845377,0.7918394208
2313,0.8293970227,0.9560594559,0.0864215568,0.7240595818,0.1895188391,0.0367824808,0.1789748669,0.0250325110,0.7592101097
2314,0.7069014311,0.8926211596,0.1489434093,0.7220361829,0.1290204078,0.0388858579,0.8962801695,0.0407370739,0.0240968019
2315,0.0849713087,0.9297693968,0.0249716137,0.8913737535,0.0836546421,0.0247306637,0.0847481415,0.1075301245,0.7829911113
2316,0.9241879582,0.9524226189,0.1836940646,0.6487633586,0.1675425768,0.0667574629,0.5651767850,0.0159125384,0.3521532118
2317,0.9008266926,0.9304546714,0.1756497622,0.6458970308,0.1784532070,0.0551823750,0.3514830768,0.0236377958,0.5696967244
2318,0.9478785992,0.9295810461,0.1676678807,0.6713221669,0.1610099822,0.0440080091,0.2557165325,0.0215207562,0.6787547469
2319,0.9343153238,0.9550989270,0.0967937857,0.7002536654,0.2029525787,0.0302376989,0.1772052795,0.0190348867,0.7735221386
2320,0.6547307372,0.9615185261,0.2469527721,0.2270330042,0.5260142088,0.3936622441,0.1163600385,0.0629789457,0.4269987941
2321,0.7932996750,0.9490713477,0.0817682967,0.7294044495,0.1888272464,0.0290565081,0.1394669712,0.0287174415,0.8027590513
2322,0.8542106152,0.9448546767,0.3622870743,0.1778294444,0.4598834515,0.3074500561,0.5378080010,0.0360131823,0.1187287495
2323,0.9117305875,0.9010091424,0.1865611821,0.6323025227,0.1811362654,0.0557051040,0.2508913875,0.0286542885,0.6647492647
2324,0.8646370173,0.9593087435,0.0513906404,0.7756511569,0.1729582250,0.0305911768,0.1080887541,0.0195419304,0.8417780399
2325,0.2912772298,0.9310929179,0.0419273749,0.8639498949,0.0941227600,0.0166253801,0.0521948487,0.0751060992,0.8560736775
2326,0.9871728420,0.9493812323,0.3384129703,0.4862935245,0.1752935499,0.0361164436,0.4477514029,0.0266125035,0.4895196855
2327,0.8433841467,0.9489650130,0.1214160994,0.6060544848,0.2725293934,0.0288634095,0.1222393289,0.0373680554,0.8115292192
2328,0.9325534105,0.9377344847,0.1337984502,0.6665391326,0.1996624619,0.0410552062,0.2383945584,0.0226423386,0.6979079247
2329,0.9827218652,0.7928441167,0.1546285003,0.2796086073,0.5657629371,0.0592312142,0.0585230403,0.0210234486,0.8612222672
2330,0.9593382478,0.9522032738,0.1640530229,0.6216955781,0.2142514437,0.0354417823,0.1806196868,0.0230940469,0.7608444095
2331,0.8510932922,0.9577822089,0.0551582016,0.7524589896,0.1923827976,0.0342565440,0.1226045117,0.0202924013,0.8228465319
2332,0.6604710221,0.9462000132,0.0745048597,0.7994279861,0.1260671914,0.0480045155,0.3112410903,0.0290956125,0.6116586924
2333,0.4976268709,0.9283446074,0.0329567045,0.8518201113,0.1152231842,0.0417087339,0.1467553377,0.0398635678,0.7716723680
2334,0.9752978683,0.8844555616,0.3423503935,0.4668570161,0.1907926202,0.0729999915,0.8350523710,0.0466210097,0.0453265756
2335,0.6843701005,0.9132525325,0.0517791249,0.8281567097,0.1200641096,0.0343854576,0.1269623637,0.0328900181,0.8057621121
2336,0.9061088562,0.9539625049,0.0839209184,0.7103083730,0.2057707012,0.0228375196,0.0767962560,0.0191554595,0.8812108040
2337,0.9664318562,0.0118004633,0.0138830934,0.4439038038,0.5422130823,0.1966465116,0.0259719808,0.0319417082,0.7454397678
2338,0.9538680911,0.9525882006,0.1213890389,0.6743118763,0.2042991370,0.0446867347,0.3002440333,0.0181996804,0.6368694901
2339,0.4643047452,0.9044122100,0.0451277941,0.8351597190,0.1197124794,0.0346114747,0.1287580729,0.0493211634,0.7873092890
2340,0.8679090142,0.9571536779,0.0886618644,0.7197675109,0.1915706843,0.0348556973,0.1645239145,0.0233217608,0.7772986889
2341,0.9320923090,0.9448509812,0.0942049623,0.7070712447,0.1987237930,0.0433778241,0.1830025911,0.0206195824,0.7530000210
2342,0.9724413753,0.9254471064,0.1807404757,0.5461339951,0.2731255591,0.0360262431,0.2113280743,0.0287781544,0.7238674760
2343,0.9493550062,0.9345612526,0.1523364782,0.6293742657,0.2182892859,0.0419838391,0.2715035975,0.0198331680,0.6666794419
2344,0.9136384726,0.8959171772,0.3817399740,0.4336360693,0.1846239716,0.0940645412,0.7020267844,0.0747110769,0.1291975081
2345,0.8077074289,0.9362076521,0.1240885407,0.6625424623,0.2133689523,0.0355651043,0.1643807143,0.0383179374,0.7617362142
2346,0.9823443890,0.1698025912,0.2149265409,0.6783396602,0.1067337841,0.0505097918,0.2784089744,0.0706793219,0.6004019380
2347,0.7120718956,0.9424157143,0.0435795821,0.9341904521,0.0222299192,0.0062180045,0.0417456105,0.0549667738,0.8970696926
2348,0.8485639691,0.9230272174,0.1479528695,0.7129726410,0.1390744895,0.0265611392,0.9497711658,0.0174167901,0.0062508401
2349,0.4236612320,0.9402059913,0.0498211235,0.8177319169,0.1324469447,0.0353217162,0.1601967514,0.0507700369,0.7537115216
2350,0.9508018494,0.9275329709,0.1866914481,0.6418201923,0.1714883298,0.0430088229,0.2896356583,0.0189840309,0.6483715177
2351,0.9936494231,0.0176332947,0.2455838919,0.6373821497,0.1170339435,0.0479096919,0.5024241209,0.0932640582,0.3564021587
2352,0.5912465453,0.9157184362,0.0517997183,0.8140672445,0.1341329962,0.0595188253,0.2180661559,0.0360532142,0.6863617897
2353,0.8464047313,0.9517400265,0.0819247365,0.7212299109,0.1968453079,0.0331410803,0.1400106251,0.0258088596,0.8010393977
2354,0.7730368376,0.9403948784,0.0731517971,0.8949434161,0.0319047645,0.0049590515,0.0208489615,0.0377987660,0.9363932014
2355,0.8174141645,0.9359535575,0.1031528935,0.6836794019,0.2131677121,0.0503625460,0.3373461366,0.0603686236,0.5519226789
2356,0.9182996750,0.9233362079,0.1493548006,0.6937788725,0.1568662822,0.0423732549,0.2317721099,0.0260404218,0.6998142004
2357,0.7662343383,0.9385225177,0.0724257156,0.6766995192,0.2508747280,0.0324221104,0.1189105734,0.0411378555,0.8075294495
2358,0.8575584888,0.8969415426,0.6727318168,0.0949402601,0.2323278934,0.1222986430,0.7950983644,0.0113759600,0.0712270513
2359,0.8275225759,0.9336086512,0.0883148685,0.6807028055,0.2309823781,0.0331867300,0.1245780662,0.0372521840,0.8049830198
2360,0.8284211755,0.9373292923,0.1287481040,0.6206895709,0.2505623996,0.0276781656,0.1060129330,0.0383716635,0.8279372454
2361,0.3223795593,0.9054633379,0.0485761650,0.7946864367,0.1567374319,0.0382775366,0.1026288420,0.0778839886,0.7812095881
2362,0.9402270317,0.8970438838,0.4015337825,0.4300888479,0.1683773398,0.0758490786,0.8519227505,0.0328649729,0.0393632539
2363,0.8716532588,0.9291941524,0.2983815372,0.4450348020,0.2565836906,0.1923577189,0.5515438318,0.0507491343,0.2053492367
2364,0.7195265889,0.9568655491,0.0408592634,0.7840420008,0.1750987619,0.0329882838,0.1208242849,0.0243334211,0.8218539953
2365,0.8115791082,0.9246014953,0.0809775442,0.7736234665,0.1453989744,0.0848657787,0.3341130316,0.0693177804,0.5117033720
2366,0.9395236969,0.9218084216,0.1843217909,0.6386964917,0.1769817173,0.0464862436,0.2863747180,0.0265712738,0.6405677199
2367,0.9971646667,0.0206869952,0.1486564279,0.7574192882,0.0939242765,0.0414872356,0.5249437094,0.0681150630,0.3654540479
2368,0.8116929531,0.9613242745,0.0481835976,0.7684500813,0.1833662987,0.0330360197,0.1172817796,0.0217936523,0.8278886080
2369,0.9473155737,0.9288298488,0.1124459431,0.4021888673,0.4853651822,0.0655170307,0.9236640334,0.0076926616,0.0031261831
2370,0.9272134900,0.9553583264,0.1243986934,0.6961477399,0.1794536114,0.0577305071,0.2939910293,0.0177927483,0.6304856539
2371,0.9134276509,0.9495470524,0.0755836368,0.7330505252,0.1913658082,0.0499461517,0.1700252146,0.0208815131,0.7591471076
2372,0.8938555121,0.9636166692,0.8545155525,0.0614591762,0.0840253979,0.0180182215,0.0177940335,0.0123600215,0.9518277049
2373,0.8779941201,0.9679784775,0.2731229365,0.2555779219,0.4712990820,0.2560656071,0.6091294289,0.0341996588,0.1006052494
2374,0.9544766545,0.9174772501,0.4057108760,0.4599800408,0.1343090832,0.0629075542,0.6579720974,0.0142336609,0.2648866475
2375,0.3535375893,0.9367156625,0.0595661551,0.8058704734,0.1345633566,0.0441107377,0.2299418896,0.0428899117,0.6830574870
2376,0.6305824518,0.9258960485,0.0867329985,0.7470412850,0.1662257463,0.0433027148,0.1969935298,0.0389683321,0.7207354307
2377,0.8807039261,0.9269615412,0.1489137113,0.6610243320,0.1900619715,0.0443283953,0.2303598076,0.0301193707,0.6951924562
2378,0.8266422749,0.9094755650,0.1982584000,0.6652615070,0.1364801675,0.0749054179,0.1836503893,0.1064364314,0.6350077987
2379,0.8784261942,0.9192391634,0.1135053188,0.8226441741,0.0638504773,0.0596373044,0.2193299830,0.0678721666,0.6531605124
2380,0.9091065526,0.9479153156,0.0717180371,0.7551656961,0.1731162220,0.0362682529,0.1348276883,0.0225503948,0.8063536286
2381,0.8894306421,0.9150224924,0.4586039484,0.2118066400,0.3295893669,0.1027104482,0.0113919871,0.0521259345,0.8337716460
2382,0.9436770082,0.9754748940,0.0777097568,0.4668649137,0.4554253519,0.1839822978,0.7928554416,0.0152063938,0.0079558594
2383,0.7245253325,0.8698738813,0.0915677249,0.7118871808,0.1965450794,0.0610582754,0.2344537079,0.0385198332,0.6659681201
2384,0.8863192201,0.9254220128,0.1440119147,0.6697257161,0.1862624139,0.0348746702,0.1793226004,0.0342946723,0.7515080571
2385,0.7769520879,0.9488156438,0.1243068725,0.6794371009,0.1962560266,0.0549158528,0.4982572496,0.0536613464,0.3931655884
2386,0.9924187660,0.0226319935,0.0831997246,0.8653331399,0.0514671095,0.0448714755,0.0646749660,0.0399574339,0.8504961133
2387,0.6833687425,0.7592540979,0.2045655102,0.3884883821,0.4069461524,0.1532814354,0.1497766376,0.0721486732,0.6247932315
2388,0.5093075037,0.9471443295,0.0430116393,0.8289900422,0.1279983670,0.0332810506,0.1581193507,0.0298147239,0.7787848711
2389,0.7663218975,0.8670446873,0.1240055710,0.1653821170,0.7106123567,0.1560463458,0.8328258395,0.0063536693,0.0047741858
2390,0.4547865987,0.9461731911,0.0501529761,0.7846521735,0.1651948690,0.0129712680,0.0600547604,0.0708248764,0.8561490774
2391,0.8288782835,0.9134752154,0.0816259086,0.7962999344,0.1220741719,0.0552888997,0.2337858677,0.0261515342,0.6847736239
2392,0.5816541314,0.9438871145,0.1022078022,0.7727594376,0.1250327677,0.0583715253,0.4389136732,0.0303578209,0.4723570049
2393,0.9778183699,0.9558160901,0.1712327451,0.6135707498,0.2151964754,0.0375696234,0.1846951246,0.0159857851,0.7617494464
2394,0.8184787035,0.9372301102,0.0766076595,0.6947095990,0.2286827415,0.0496021621,0.2956154048,0.0451959744,0.6095864773
2395,0.7543260455,0.8231241703,0.3000615537,0.4135801792,0.2863582373,0.1333087981,0.2244954705,0.0797638223,0.5624318719
2396,0.9069070220,0.9325733185,0.4595460594,0.1469731033,0.3934808671,0.1964951903,0.7204443216,0.0374260210,0.0456344299
2397,0.6743861437,0.9341539145,0.0921132267,0.7406360507,0.1672507823,0.0493467785,0.2410007417,0.0374404378,0.6722121239
2398,0.9313157797,0.9463405013,0.3088426590,0.2556141317,0.4355431497,0.1818224490,0.7514637113,0.0233643427,0.0433495119
2399,0.9215651751,0.9366638660,0.4542540610,0.4752451777,0.0705007762,0.0446395501,0.1656429768,0.0808117017,0.7089057565
2400,0.7955561280,0.9534673095,0.0719821900,0.7436449528,0.1843729168,0.0314125270,0.1409318745,0.0251884758,0.8024671674
2401,0.2969866991,0.9351074696,0.0345041491,0.8510066271,0.1144892499,0.0205502287,0.0803103894,0.0721859261,0.8269534111
2402,0.9964505434,0.0188020859,0.2084533125,0.7039428353,0.0876038224,0.0407819822,0.5265152454,0.0644028038,0.3682999909
2403,0.9281167984,0.9221693873,0.1833170354,0.6388320923,0.1778508574,0.0379610620,0.2106815875,0.0293546189,0.7220026851
2404,0.8367135525,0.9516794682,0.0621231385,0.7370065451,0.2008703202,0.0341147333,0.1156850904,0.0226316489,0.8275685310
2405,0.4997133911,0.9127332568,0.0436412990,0.8479380012,0.1084207594,0.0362482592,0.1425639689,0.0461192690,0.7750685215
2406,0.9936921597,0.0237082075,0.4611406326,0.4984576702,0.0404017828,0.0255060662,0.2674255669,0.0706689432,0.6363994479
2407,0.9074952006,0.9673240185,0.2153680325,0.2074591815,0.5771728158,0.2310958505,0.7373640537,0.0154399937,0.0161001310
2408,0.9928177595,0.0187871121,0.2308017164,0.6981791258,0.0710192248,0.0326697566,0.2568248808,0.1138814315,0.5966239572
2409,0.7992619872,0.9537112713,0.0652603284,0.7557324767,0.1790071726,0.0372446291,0.1835309565,0.0196917187,0.7595326900
2410,0.7954339385,0.7903010845,0.2755448520,0.1940403283,0.5304147601,0.3328318298,0.5160754919,0.0375462584,0.1135464162
2411,0.6409603953,0.8654007316,0.1432933956,0.6208935380,0.2358131409,0.0688670501,0.1902922243,0.0487491563,0.6920915842
2412,0.6926822662,0.9373952746,0.1029612273,0.6767591238,0.2202796191,0.0310902577,0.1173289865,0.0399614200,0.8116193414
2413,0.9674637318,0.0886548385,0.2502420843,0.6759079695,0.0738499314,0.0220951233,0.0823776349,0.0728771538,0.8226501346
2414,0.9588451385,0.9525327086,0.2113258094,0.4884253740,0.3002488911,0.0806747153,0.7024343014,0.0380980223,0.1787929684
2415,0.9780020118,0.9404264688,0.1287684143,0.6026612520,0.2685703635,0.0798291415,0.8791900277,0.0238039084,0.0171769708
2416,0.3271646202,0.7686157823,0.0075504961,0.0060737645,0.9863757491,0.9591566920,0.0040737260,0.0054008109,0.0313687697
2417,0.8870094419,0.9431581497,0.0637512729,0.7577925324,0.1784561872,0.0424700938,0.1454201937,0.0232114028,0.7888983488
2418,0.6523942351,0.9124969244,0.0515030473,0.8135588765,0.1349380761,0.0353154540,0.1184028015,0.0298198164,0.8164619207
2419,0.6334298849,0.9228888154,0.0894155651,0.7469167113,0.1636677235,0.0421770178,0.1867399216,0.0364506505,0.7346324921
2420,0.9883815646,0.9027660489,0.8759564161,0.0303054098,0.0937381983,0.0594047233,0.8952885866,0.0107152220,0.0345914327
2421,0.2263537794,0.9235723615,0.0333825126,0.8686642647,0.0979532525,0.0237889960,0.0816268772,0.0854369327,0.8091472387
2422,0.8989057541,0.9574761987,0.0708120465,0.7381894588,0.1909985095,0.0264338758,0.0969119519,0.0191741381,0.8574800491
2423,0.7073804736,0.9465843439,0.4804146290,0.0636173338,0.4559681118,0.3835372925,0.2304700464,0.0231251176,0.3628675938
2424,0.8241897821,0.9464569688,0.1329495311,0.7474461794,0.1196042374,0.0626850352,0.4930099249,0.0176573917,0.4266476929
2425,0.7433540821,0.9705089927,0.6231667399,0.0331107005,0.3437224925,0.1135169193,0.0382965021,0.0175169036,0.8306697607
2426,0.9449169636,0.9822013974,0.7323579192,0.1200203523,0.1476216614,0.0790278316,0.0195510481,0.0211714618,0.8802496195
2427,0.9975820780,0.0275163464,0.1009795964,0.8408982158,0.0581221618,0.0501731262,0.0521699265,0.0367932990,0.8608636260
2429,0.9695315361,0.8820787072,0.2965542972,0.5862558484,0.1171898246,0.0535317287,0.7843667865,0.0707024261,0.0913989991
2430,0.8705764413,0.9801865220,0.7921301126,0.0920176655,0.1158522144,0.0553459898,0.0102139590,0.0184011571,0.9160389304
2431,0.9208761454,0.9457741380,0.1515043676,0.7070490122,0.1414465457,0.0559760444,0.5402116776,0.0207539145,0.3830584288
2432,0.7026658654,0.9280587435,0.1241728142,0.7043460011,0.1714811921,0.0536406226,0.2956953943,0.0328153670,0.6178486347
2433,0.8207158446,0.9572505951,0.0631819069,0.7561243176,0.1806937158,0.0412420034,0.1930980831,0.0186224058,0.7470375299
2434,0.9318642020,0.9231680036,0.2155382037,0.5881643295,0.1962974370,0.0581683218,0.2517707348,0.0231068879,0.6669540405
2435,0.4654390514,0.8941016197,0.0541643128,0.8177104592,0.1281252354,0.0396126136,0.1364380270,0.0461517014,0.7777976394
2436,0.9924331903,0.0296895560,0.0973959416,0.8547964096,0.0478076153,0.0434901789,0.0715796426,0.0450023115,0.8399278522
2437,0.4424724877,0.9069035053,0.0672276169,0.7555701733,0.1772022098,0.0355808921,0.1029630899,0.0623784624,0.7990776300
2438,0.9398538470,0.0715330690,0.0802757964,0.1996157914,0.7201084495,0.5039888620,0.2243770808,0.0327934735,0.2388406098
2439,0.8285083175,0.9471275210,0.0828360692,0.7128149867,0.2043489069,0.0406655222,0.1787119955,0.0223417878,0.7582806349
2440,0.8596783280,0.9269220233,0.0866905674,0.6977787614,0.2155306637,0.0281517953,0.0828897357,0.0315423980,0.8574161530
2441,0.9225089550,0.9530939460,0.1021864116,0.8272858262,0.0705277920,0.0261318181,0.9155700207,0.0344347246,0.0238634069
2442,0.9140877724,0.9494267702,0.0906622857,0.6792595983,0.2300781161,0.0283498541,0.0934499204,0.0219291933,0.8562710881
2443,0.9304505587,0.9541023374,0.2467283010,0.6868147850,0.0664568916,0.0199420694,0.4935008287,0.0822420567,0.4043150544
2444,0.7895618081,0.6895009875,0.2187601626,0.5291333795,0.2521064579,0.0954786018,0.1845439374,0.0450613201,0.6749160886
2445,0.7917363644,0.9468465447,0.0594768748,0.5971341729,0.3433889449,0.0297750644,0.0831115544,0.0417232960,0.8453900218
2446,0.1325942129,0.9465875626,0.0178166106,0.8643186092,0.1178647727,0.0242391825,0.0684302971,0.0751031712,0.8322273493
2447,0.9434151649,0.0854019225,0.3616249859,0.5623412132,0.0760338381,0.0213637799,0.0711004287,0.0710202381,0.8365155458
2448,0.8592763543,0.9608723521,0.2093691081,0.2834775150,0.5071533322,0.1967382878,0.7603753805,0.0206608325,0.0222254936
2449,0.9600388408,0.9615056515,0.2971890271,0.5657505393,0.1370604634,0.0352949128,0.9018914700,0.0262074936,0.0366061404
2450,0.9068969488,0.9504928589,0.1401958913,0.6297525764,0.2300515175,0.0222824812,0.1480163038,0.0292601176,0.8004411459
2451,0.9384717941,0.9569078088,0.2049281299,0.7374362946,0.0576355681,0.0248639919,0.8509122729,0.0307180882,0.0935055763
2452,0.5969994664,0.9442210197,0.0793666244,0.6677612662,0.2528721094,0.0393961035,0.1729707569,0.0684882775,0.7191448212
2453,0.5218781233,0.8745666742,0.2125526667,0.1327547580,0.6546925902,0.5350206494,0.0295538325,0.1575923264,0.2778331637
2454,0.8058254719,0.8755066395,0.1474144310,0.4578738511,0.3947116733,0.2324605584,0.6143264174,0.0568475276,0.0963655263
2455,0.5642712712,0.9233409762,0.0762736872,0.7625843883,0.1611419022,0.0425831936,0.1664647758,0.0428957492,0.7480562925
2456,0.9350625873,0.9282221198,0.1784629673,0.6386020184,0.1829349697,0.0403138548,0.2413299382,0.0303377919,0.6880184412
2457,0.9041619301,0.9484326839,0.0728843063,0.7445968986,0.1825187951,0.0376001485,0.1431273222,0.0205402337,0.7987322807
2458,0.7554215193,0.9440253377,0.1080006063,0.6900758147,0.2019235492,0.0499442182,0.4345988929,0.0555388555,0.4599180818
2459,0.9591264129,0.1462610364,0.3895528615,0.4758495092,0.1345976293,0.0624987520,0.3071594834,0.0964850783,0.5338566899
2460,0.9834977388,0.0174324848,0.0372542441,0.9290398955,0.0337058716,0.0576323532,0.0981285572,0.0275857393,0.8166533709
2461,0.8532580137,0.9548010230,0.0884095803,0.7331559658,0.1784344018,0.0342502594,0.1623931527,0.0222782511,0.7810783386
2462,0.8087382317,0.9444989562,0.0819283724,0.7344773412,0.1835942864,0.0363981239,0.1631716341,0.0266083907,0.7738218307
2463,0.9934032559,0.0190950241,0.3905208707,0.5702738762,0.0392052941,0.0162513219,0.1054368466,0.0624851882,0.8158265948
2464,0.9775418043,0.1647566855,0.2709625065,0.6159192324,0.1131182462,0.0642844588,0.3729202449,0.0850297809,0.4777655303
2465,0.9527273178,0.9579870701,0.4338981211,0.3543309569,0.2117709368,0.1322598904,0.3003758490,0.0543388426,0.5130254626
2466,0.7102913857,0.9734290838,0.4938021302,0.2162398845,0.2899580300,0.2276056558,0.0305710193,0.0952005684,0.6466228366
2467,0.7596138716,0.9122488499,0.3421299756,0.1146556810,0.5432143807,0.3334051967,0.4222970903,0.0224527456,0.2218449712
2468,0.8270437717,0.9583706856,0.0655651018,0.7264804840,0.2079543918,0.0265321452,0.1134749800,0.0262039509,0.8337889314
2469,0.8437908888,0.9209021330,0.0909973234,0.5084530711,0.4005495906,0.2977193892,0.4343978465,0.0853620544,0.1825206578
2470,0.9864613414,0.9612407684,0.1994257718,0.5738255978,0.2267486900,0.0404661894,0.2237637043,0.0159607083,0.7198094130
2471,0.9384332895,0.9255363345,0.2305173874,0.5247370601,0.2447455823,0.2070033103,0.3649364412,0.1400327832,0.2880274355
2472,0.8546068668,0.9496899843,0.0897406638,0.7293824553,0.1808768958,0.0364369228,0.1723590791,0.0254345872,0.7657694817
2473,0.9364569187,0.9588267207,0.2202278525,0.7081135511,0.0716586113,0.0130985612,0.1607504785,0.0633606538,0.7627903223
2474,0.7405704856,0.9242671728,0.1434405446,0.5596150756,0.2969443202,0.0538192093,0.2023473084,0.0507243760,0.6931091547
2475,0.9023451209,0.9316449761,0.1440652460,0.6555224657,0.2004123181,0.0566190220,0.2768918574,0.0245590191,0.6419301033
2476,0.9996048808,0.9300119281,0.4773788452,0.3224723935,0.2001487762,0.0457354188,0.5123216510,0.0148644112,0.4270785451
2477,0.9196779728,0.9598509669,0.0894410089,0.4361390769,0.4744199514,0.2373279631,0.6875975728,0.0258312225,0.0492432863
2478,0.8640897274,0.9328554273,0.0799612328,0.7929226756,0.1271161288,0.0643475801,0.3122289479,0.0241235662,0.5992999673
2479,0.0841930658,0.9273943305,0.0287160594,0.8769671917,0.0943167284,0.0257579219,0.0899050608,0.1127528250,0.7715842128
2480,0.9651148319,0.9549058080,0.1597822607,0.4053836763,0.4348340631,0.1773066223,0.7016628385,0.0298258383,0.0912047178
2481,0.9546344876,0.9369946122,0.6799561381,0.2412938625,0.0787500516,0.0447294116,0.8267720938,0.0395745188,0.0889239684
2482,0.9886873960,0.0186862554,0.4427110255,0.5257157087,0.0315732956,0.0099150259,0.0591035560,0.0519741513,0.8790071607
2483,0.9122340679,0.9534931779,0.1740788370,0.6808907390,0.1450304240,0.0661047772,0.5396426320,0.0149400942,0.3793125153
2484,0.8768519759,0.9535800815,0.1004417092,0.7057117224,0.1938466132,0.0350210667,0.1720033735,0.0224849246,0.7704907060
2485,0.9976220727,0.0103054112,0.2378845215,0.5986089110,0.1635065675,0.0941175818,0.5925802588,0.0860208124,0.2272813320
2486,0.9916219711,0.0302869380,0.0841202214,0.8538504839,0.0620293505,0.0465408191,0.0679974630,0.0410210155,0.8444406986
2487,0.9635969996,0.0611314327,0.1094987094,0.8250072598,0.0654940605,0.0608166941,0.1047559679,0.0443366207,0.7900907397
2488,0.9250823855,0.9650537372,0.0818034261,0.7418926954,0.1763039082,0.0293477997,0.1264103353,0.0182342883,0.8260075450
2489,0.6242592335,0.9303236008,0.0931528881,0.7363383770,0.1705088019,0.0413753353,0.2064617723,0.0421809293,0.7099819183
2490,0.8793210983,0.9496409893,0.1682745516,0.6865705252,0.1451549381,0.0651572868,0.4736386836,0.0170839522,0.4441200197
2491,0.8080014586,0.9257476926,0.1370933354,0.7700040936,0.0929025486,0.0362776965,0.9115877151,0.0328131355,0.0193214733
2492,0.8351545334,0.9252721667,0.0909833461,0.1210617945,0.7879548669,0.1584124416,0.8336076736,0.0050444133,0.0029355485
2493,0.8779923320,0.9175025225,0.2190195620,0.5094421506,0.2715383172,0.2170081884,0.4863596559,0.0576995872,0.2389325202
2494,0.7076374888,0.9243402481,0.0386038199,0.8490314484,0.1123647690,0.0904958919,0.2165533900,0.1548963040,0.5380544066
2495,0.6037750840,0.9345214963,0.0392981060,0.8551170826,0.1055848300,0.0413197950,0.1747911423,0.0407563373,0.7431327701
2496,0.9877146482,0.0176807996,0.0548650101,0.8907921314,0.0543428361,0.0290043801,0.0373591855,0.0219894629,0.9116469622
2497,0.9041776061,0.9389233589,0.3383820951,0.4378761649,0.2237417251,0.2042880654,0.5405412316,0.0488387682,0.2063319385
2498,0.8742930889,0.9549434185,0.0643632710,0.7340017557,0.2016349882,0.0319701619,0.1131384373,0.0199925974,0.8348987103
2499,0.9384394288,0.0428612567,0.0934785903,0.8767320514,0.0297893882,0.0341708586,0.0890635848,0.0375413783,0.8392241597
2500,0.9402008057,0.9266057014,0.1664732546,0.6767596602,0.1567671299,0.0418508239,0.2536306381,0.0237817150,0.6807368398
2501,0.6172746420,0.9516319633,0.0450103618,0.7685626745,0.1864270121,0.0350986384,0.1372237206,0.0267267283,0.8009508848
2502,0.2602280080,0.9414055943,0.0243710764,0.8522746563,0.1233542636,0.0257359147,0.0757297054,0.0632432997,0.8352910280
2503,0.2793726623,0.9571061134,0.1403095573,0.0801420733,0.7795484066,0.7555443645,0.0191287957,0.0343856588,0.1909412146
2504,0.9549167752,0.9333088398,0.1990809441,0.5759590864,0.2249599397,0.0555986166,0.2512671947,0.0210353322,0.6720988154
2505,0.9556994438,0.9484640956,0.1609607488,0.6311953664,0.2078438401,0.0316140279,0.1477808654,0.0230530426,0.7975520492
2506,0.9947836995,0.0196586065,0.0776792020,0.8731906414,0.0491301715,0.0440880880,0.0645295531,0.0421898514,0.8491925001
2507,0.5504243374,0.9504015446,0.0906311274,0.0292369779,0.8801318407,0.8325219154,0.0120731480,0.0410287231,0.1143762395
2508,0.8544793725,0.9221013784,0.2653588057,0.6882075071,0.0464337282,0.0721968859,0.4777791798,0.0708417594,0.3791821897
2509,0.4426805377,0.9421477914,0.0441363938,0.7724246383,0.1834389865,0.0315727144,0.1212451607,0.0688107237,0.7783714533
2510,0.9641722441,0.9559589624,0.4210513532,0.2429161817,0.3360324204,0.0650860444,0.1686394513,0.0430014953,0.7232729793
2511,0.3931304216,0.9374487400,0.0539324395,0.8154208064,0.1306467652,0.0441931002,0.2254751623,0.0420392640,0.6882924438
2512,0.7722128034,0.9446764588,0.0949976891,0.7683402896,0.1366620064,0.0514626056,0.3602086306,0.0290784389,0.5592502952
2513,0.8877835274,0.9464794993,0.0634739622,0.7502194643,0.1863065660,0.0442438722,0.1599981934,0.0269667692,0.7687911987
2514,0.4465089440,0.9730306268,0.0622431040,0.0793230534,0.8584338427,0.8942999840,0.0075473362,0.0418072231,0.0563455112
2515,0.9320451021,0.9271905422,0.0838740841,0.8385592699,0.0775666609,0.0237852801,0.7117532492,0.0509983227,0.2134632021
2516,0.8756977320,0.9539691210,0.2163878530,0.6891619563,0.0944501907,0.1218094304,0.6823521852,0.0710516125,0.1247867122
2517,0.9747649431,0.9563348889,0.1838263124,0.5965675116,0.2196061909,0.0425290354,0.2388029397,0.0169537216,0.7017143965
2518,0.9505776167,0.9364579916,0.4374602735,0.1679413468,0.3945983350,0.1572388411,0.7932612300,0.0285860207,0.0209139194
2519,0.9365891814,0.9490104318,0.1483576596,0.4924958646,0.3591464758,0.1984698325,0.6576189995,0.0415718667,0.1023393869
2520,0.4495053887,0.9118629098,0.0407594293,0.8652053475,0.0940351859,0.0358530544,0.1420828700,0.0422848202,0.7797792554
2521,0.7889725566,0.8411920071,0.2000009418,0.5180476308,0.2819513977,0.0822742507,0.1844128817,0.0412437283,0.6920691729
2522,0.9750717878,0.0255174711,0.0691706836,0.8930088282,0.0378204398,0.0421032086,0.0880078524,0.0281583816,0.8417305946
2523,0.9787673950,0.9498321414,0.1733927131,0.5886068940,0.2380004078,0.0181547347,0.1085989028,0.0310982913,0.8421480656
2524,0.8182545900,0.9233336449,0.0819926262,0.7747656703,0.1432417035,0.0911175832,0.3476595879,0.0716042444,0.4896185994
2525,0.9393097162,0.9310867190,0.1686714441,0.6490602493,0.1822683215,0.0370635055,0.2156519294,0.0286588315,0.7186257243
2526,0.9838489294,0.9359195828,0.2188043296,0.5801163316,0.2010793686,0.0491777174,0.2954580486,0.0141468421,0.6412173510
2527,0.8515450954,0.8860734701,0.5800079703,0.2535133958,0.1664785594,0.1553003341,0.0908265561,0.0670259222,0.6868471503
2528,0.9127276540,0.9529781342,0.1317635775,0.3455701470,0.5226662755,0.1992619485,0.7332832217,0.0197903775,0.0476645268
2529,0.8978854418,0.9006337523,0.5396243930,0.3043537438,0.1560218930,0.1600473821,0.1059902608,0.0632174313,0.6707448959
2530,0.8596866131,0.9367216229,0.1354284734,0.7308834195,0.1336880475,0.0574489534,0.4853697121,0.0251935292,0.4319877625
2531,0.9736793637,0.9311035275,0.3364595771,0.2824991047,0.3810413480,0.1181797758,0.8673952222,0.0086834412,0.0057415860
2532,0.9028599262,0.9520854950,0.0819817483,0.7177437544,0.2002744824,0.0315952934,0.1152928025,0.0206076261,0.8325042725
2533,0.9029613733,0.9544091225,0.0902049243,0.6975483894,0.2122466862,0.0309210606,0.1187997013,0.0229047239,0.8273745179
2534,0.3393741250,0.9700572491,0.1250462830,0.1145605817,0.7603931427,0.7782412767,0.0127162701,0.0828477517,0.1261947304
2535,0.8371026516,0.9246852994,0.1520391107,0.7035926580,0.1443682611,0.0728297085,0.4138498008,0.0204391927,0.4928812981
2536,0.9508029222,0.9601723552,0.1462561637,0.4806322753,0.3731116056,0.0738977715,0.4972217381,0.0291625392,0.3997179270
2537,0.9982680082,0.0232217778,0.0875439197,0.8613347411,0.0511213616,0.0463805124,0.0464468077,0.0394942462,0.8676784039
2538,0.6573928595,0.8537290692,0.0773574486,0.0960858166,0.8265567422,0.4394524992,0.5388653278,0.0093655279,0.0123166060
2539,0.9843078256,0.0253158566,0.0633582845,0.9118795395,0.0247621033,0.0433449373,0.0947141647,0.0337248556,0.8282160759
2540,0.6998316050,0.9456908703,0.0589287542,0.8009767532,0.1400944889,0.0400468446,0.2015998214,0.0275843870,0.7307689786
2541,0.9110927582,0.9498362541,0.0833296552,0.6879689693,0.2287013233,0.0282737873,0.0908754617,0.0239103436,0.8569403291
2542,0.8118501902,0.9213166833,0.1122055054,0.7143161893,0.1734783053,0.0374809243,0.1699292511,0.0376265720,0.7549632192
2543,0.7446424365,0.8265157938,0.2066425532,0.4904666543,0.3028908670,0.0894766003,0.1920059025,0.0484047420,0.6701127291
2544,0.9723648429,0.0488746911,0.0969816074,0.8393990993,0.0636192858,0.0563521013,0.0878971070,0.0311578996,0.8245928884
2545,0.7239001393,0.8051375151,0.3179924190,0.2912823260,0.3907252550,0.2652624846,0.3307919502,0.0653080046,0.3386375308
2546,0.7796093822,0.9443847537,0.1470671743,0.6943334937,0.1585993618,0.0563163161,0.5245552063,0.0423398763,0.3767885566
2547,0.5569908023,0.9292913675,0.0633570701,0.7895990014,0.1470439434,0.0431861766,0.1775292605,0.0402983427,0.7389861941
2548,0.5151513219,0.9330044985,0.0639476031,0.7866931558,0.1493592113,0.0373337753,0.1781572849,0.0488865860,0.7356222868
2549,0.9511303306,0.0170914289,0.5132169127,0.1267416626,0.3600414097,0.1488443017,0.1611415744,0.0614472181,0.6285669208
2550,0.6749464273,0.9569616318,0.0564726815,0.0305711012,0.9129561186,0.8959111571,0.0068712262,0.0489542075,0.0482633710
2551,0.9928406477,0.0221521091,0.4771459699,0.4695543051,0.0532997437,0.0348435566,0.3342058957,0.0752726272,0.5556778312
2552,0.9127479196,0.9716408849,0.3207716346,0.1716437340,0.5075846314,0.2970729172,0.5711022019,0.0282747950,0.1035500914
2553,0.8642620444,0.9448459744,0.0700227246,0.6147229671,0.3152543306,0.0312497392,0.0983100757,0.0364619382,0.8339782953
2554,0.4522889555,0.9176111817,0.0773470923,0.8094153404,0.1132375523,0.0360760428,0.2532695234,0.0398135670,0.6708407998
2555,0.8015919328,0.9059658647,0.0658048540,0.2523563802,0.6818388104,0.2931911051,0.6748875976,0.0151870055,0.0167343039
2556,0.7332146764,0.7646430135,0.2574497163,0.4219381809,0.3206120431,0.1079574674,0.1829225868,0.0519342571,0.6571856141
2557,0.9738398790,0.9717098475,0.3102791309,0.5852859616,0.1044349074,0.0237892065,0.9150913954,0.0320405178,0.0290788785
2558,0.3270956576,0.7080492973,0.0475809984,0.0715787783,0.8808401227,0.9062836766,0.0174234863,0.0111368857,0.0651558489
2559,0.8609268665,0.9655529261,0.5754590631,0.2663305998,0.1582104266,0.2038086057,0.0248072799,0.0987551734,0.6726288795
2560,0.9693776965,0.9626414776,0.2456137091,0.2822006941,0.4721856117,0.1423359066,0.6853160858,0.0349602588,0.1373877078
2561,0.7559791803,0.7976174355,0.2942280173,0.3251021206,0.3806698322,0.2378635108,0.3672437966,0.0627332181,0.3321594298
2562,0.9945458174,0.0178839974,0.3794169426,0.5810983777,0.0394846909,0.0208760425,0.2854512930,0.0725765303,0.6210961342
2563,0.6983225346,0.9393550754,0.0612371452,0.6307708025,0.3079921007,0.0365610234,0.1318444014,0.0437147617,0.7878797650
2564,0.8535932302,0.9422098398,0.0965425074,0.7144714594,0.1889860481,0.0382845178,0.1624093056,0.0263098460,0.7729963064
2565,0.7107502222,0.9269468784,0.1287016124,0.0585882552,0.8127100468,0.7312666178,0.0223517157,0.0999151394,0.1464666128
2566,0.8186957240,0.9679601789,0.7644904256,0.0753501356,0.1601594537,0.0365342647,0.0311797094,0.0180217288,0.9142642617
2567,0.4550369680,0.9353118539,0.0465318263,0.8189476728,0.1345205307,0.0411470011,0.1757803261,0.0333141237,0.7497585416
2568,0.9425669909,0.9480070472,0.1600742340,0.6814040542,0.1585217118,0.0438883379,0.2060121298,0.0173960719,0.7327034473
2569,0.7998538613,0.8980501890,0.0753144845,0.1901562810,0.7345291972,0.3218759596,0.6558978558,0.0104111172,0.0118150860
2570,0.9531905651,0.9256565571,0.1716089994,0.6848934889,0.1434975117,0.0426467247,0.2643175721,0.0222700611,0.6707656384
2571,0.6200937033,0.9284759760,0.0745160580,0.7665857673,0.1588981450,0.0427137166,0.1746545732,0.0421164036,0.7405153513
2572,0.9772132039,0.0399954394,0.1114257798,0.8339380622,0.0546361506,0.0475049168,0.0828526318,0.0279025882,0.8417398930
2573,0.4318962097,0.8882921934,0.0528980494,0.8264991641,0.1206027344,0.0342830792,0.1147684902,0.0518298894,0.7991185784
2574,0.2678572834,0.8796736002,0.0262788255,0.0235757716,0.9501453638,0.9359609485,0.0088064689,0.0154725676,0.0397599898
2575,0.7588337660,0.9347592592,0.0504461415,0.8190232515,0.1305305809,0.0469008014,0.1995493770,0.0294440426,0.7241058350
2576,0.9109109640,0.8587435484,0.1629371196,0.5083254576,0.3287374079,0.0632187501,0.1162021309,0.0315540619,0.7890250087
2577,0.3428101838,0.8646706343,0.0360364281,0.0316588581,0.9323047996,0.9151353240,0.0115087032,0.0174173675,0.0559385382
2578,0.5006809235,0.9337263703,0.0866590664,0.8063477874,0.1069931388,0.0501136594,0.3734916747,0.0332502164,0.5431444049
2579,0.3452388644,0.9679994583,0.0382025540,0.0866843536,0.8751130700,0.9194675088,0.0082024690,0.0261748992,0.0461552218
2580,0.5207592845,0.9094567299,0.0499019884,0.8345715404,0.1155264750,0.0393535271,0.1521654427,0.0449826941,0.7634983063
2581,0.6637604237,0.9468831420,0.0541706122,0.7880796194,0.1577498168,0.0403580479,0.1911338568,0.0271763187,0.7413317561
2582,0.7923825979,0.9500548244,0.0761304349,0.7447808385,0.1790886968,0.0373216458,0.1748407781,0.0245616287,0.7632759213
2583,0.9844553471,0.0311773736,0.0944228768,0.8400450945,0.0655319765,0.0444161892,0.0654790625,0.0487843826,0.8413203955
2584,0.9526136518,0.1551008075,0.4150244296,0.3831485212,0.2018270344,0.1013053060,0.4180741608,0.0769202784,0.4037002623
2585,0.7475689054,0.8736544251,0.1654964983,0.6316839457,0.2028195709,0.0856439620,0.2899116874,0.0321377739,0.5923066139
2586,0.9553233385,0.9523455501,0.1539724618,0.6325303912,0.2134970874,0.0356955491,0.1720970720,0.0240654182,0.7681419849
2587,0.4248130918,0.9388930798,0.0504896455,0.8189333677,0.1305770129,0.0330768414,0.1531084031,0.0518587641,0.7619559765
2588,0.6386825442,0.9382483959,0.1118475497,0.7201231122,0.1680293828,0.0458744802,0.3094455004,0.0336277410,0.6110522747
2589,0.8320934772,0.8947551847,0.1514094770,0.2130295187,0.6355609894,0.2317850888,0.7388635874,0.0145940213,0.0147572486
2590,0.9378817677,0.9181813598,0.2588369548,0.3466250002,0.3945380449,0.0994751155,0.8472477198,0.0314746648,0.0218025278
2591,0.8179128766,0.9603276253,0.0619104393,0.7378330231,0.2002565712,0.0250712037,0.0993847027,0.0251223966,0.8504217863
2592,0.9937494993,0.0242600180,0.4345609844,0.5180285573,0.0474104956,0.0273203496,0.2603647709,0.0746510699,0.6376638412
2593,0.9822678566,0.9038494825,0.3922933936,0.2336924374,0.3740141988,0.1133320928,0.7923259735,0.0144526493,0.0798892900
2594,0.8459718823,0.9403913617,0.2203804404,0.4687149227,0.3109046519,0.0957617685,0.1113522127,0.0892530680,0.7036328912
2595,0.9616089463,0.9567005634,0.1307208687,0.6270713210,0.2422077507,0.0293596387,0.1903915107,0.0302127786,0.7500361204
2596,0.8288676143,0.9476405382,0.1223477796,0.6145488620,0.2631033361,0.0324335694,0.1498836130,0.0364779197,0.7812049389
2597,0.9962109327,0.0075721797,0.1727351695,0.7482535839,0.0790112764,0.0319110192,0.2484167963,0.1091977879,0.6104743481
2598,0.9760605693,0.9302914143,0.4604892731,0.4105609059,0.1289497912,0.0242862832,0.9585990310,0.0090499334,0.0080647599
2599,0.7723237872,0.7176476717,0.2261950076,0.5104080439,0.2633969486,0.0971554071,0.1877143830,0.0457920060,0.6693381667
2600,0.9351956844,0.1556276083,0.3341851830,0.5402790904,0.1255357414,0.0728903264,0.2394183874,0.1040501371,0.5836411119
2601,0.3005051017,0.9268364906,0.0258989744,0.8585621119,0.1155388430,0.0389615707,0.1250211447,0.0506124310,0.7854048014
2602,0.8685119748,0.9505479932,0.1071016639,0.7310162187,0.1618821025,0.0622054413,0.4130566120,0.0247631874,0.4999747276
2603,0.9944941401,0.0278230794,0.3031247854,0.6505098343,0.0463653244,0.0228277165,0.1614477038,0.0838080868,0.7319165468
2604,0.6183000803,0.8654005527,0.0934027731,0.3523907959,0.5542064309,0.1471743733,0.8219718337,0.0153924869,0.0154612809
2605,0.8992525339,0.9021195769,0.0622498244,0.8917968869,0.0459532700,0.0177058131,0.5225971341,0.0496423766,0.4100546837
2606,0.4681978822,0.9455548525,0.0535312556,0.8287700415,0.1176987737,0.0354703069,0.1856780946,0.0495438986,0.7293077111
2607,0.9933716059,0.0176900122,0.1641409248,0.7391784191,0.0966806263,0.0340246148,0.1493628770,0.1566722840,0.6599401832
2608,0.9909791946,0.0363719538,0.1000512540,0.8285871744,0.0713615790,0.0467442721,0.0647991672,0.0429689810,0.8454875350
2609,0.8962849975,0.9250732064,0.1297528595,0.6745895147,0.1956576407,0.0398379490,0.2057669908,0.0310756601,0.7233193517
2610,0.8205382824,0.9344518781,0.1499447674,0.6958404183,0.1542148143,0.0353057459,0.9326013923,0.0227527991,0.0093400236
2611,0.9140859842,0.2755282521,0.1815326065,0.7000089884,0.1184584722,0.0626747981,0.1284106374,0.0353652164,0.7735493779
2612,0.9932066202,0.9557743669,0.2543411553,0.4933590293,0.2522998452,0.0414723605,0.3997206986,0.0297521260,0.5290548205
2613,0.9808016419,0.0488444380,0.1007022634,0.8384877443,0.0608099513,0.0451155268,0.0834816098,0.0519441590,0.8194586635
2614,0.8191671371,0.7992100716,0.2459266484,0.4272501171,0.3268232346,0.1771973073,0.3465246558,0.0718586370,0.4044194520
2615,0.8374364972,0.9599506259,0.0492574647,0.7710359097,0.1797065735,0.0331540331,0.1190971062,0.0205219351,0.8272268176
2616,0.7858157158,0.9273968935,0.0937680602,0.6977927089,0.2084392160,0.0360800624,0.1342654675,0.0407803021,0.7888740897
2617,0.8490888476,0.9741409421,0.5013492703,0.2134895921,0.2851611078,0.2657337487,0.0314683765,0.0833967701,0.6194011569
2618,0.4906339943,0.9435471892,0.0461381227,0.7637466192,0.1901152283,0.0257792827,0.0932464749,0.0617543720,0.8192198277
2619,0.9944878221,0.9738015532,0.6985462904,0.1550676078,0.1463860869,0.0872099474,0.1644445658,0.0259254146,0.7224200368
2620,0.3740488589,0.9719398618,0.0565116480,0.0720561147,0.8714322448,0.8909367919,0.0059726536,0.0401636027,0.0629269704
2621,0.5237147212,0.9417231679,0.0503594875,0.7767838240,0.1728566438,0.0274987854,0.1074790284,0.0589643605,0.8060578108
2622,0.2976725698,0.9351372123,0.0255241450,0.8566204309,0.1178554520,0.0282087419,0.0884241313,0.0624904595,0.8208765984
2623,0.1624631286,0.9437206388,0.0206939373,0.8582192063,0.1210868582,0.0237904880,0.0700436160,0.0728733465,0.8332924843
2624,0.8019829988,0.9466723800,0.1461914182,0.6796879172,0.1741206050,0.0535627194,0.4532940984,0.0538884401,0.4392547905
2625,0.4548944533,0.9425744414,0.0292413794,0.0187883340,0.9519702792,0.9480744004,0.0036060542,0.0238123611,0.0245071296
2626,0.6497802138,0.9148257375,0.1142886952,0.7204139233,0.1652973592,0.0675387383,0.3209553659,0.0328672118,0.5786386728
2627,0.9212880731,0.9265409708,0.2261912078,0.6365725994,0.1372361630,0.0687596947,0.5100435019,0.0172393769,0.4039574265
2628,0.9856223464,0.9486815929,0.2151218355,0.5244394541,0.2604387403,0.0200608354,0.1274117231,0.0326954946,0.8198320270
2629,0.3344472945,0.9704678655,0.0725703090,0.0742680877,0.8531615734,0.8733170033,0.0063615916,0.0471078642,0.0732135624
2630,0.9153698087,0.9546691179,0.0884582400,0.6891129613,0.2224287540,0.0297798011,0.1069764271,0.0217810739,0.8414627910
2631,0.8784829378,0.9377313256,0.0644380599,0.7326156497,0.2029463351,0.0434252098,0.1351301521,0.0264251381,0.7950194478
2632,0.9072714448,0.8720679283,0.3720859289,0.4944059849,0.1335080117,0.0757282674,0.7831956148,0.0611428581,0.0799331963
2633,0.7312275171,0.9260823131,0.1367773414,0.6831890941,0.1800336242,0.0612354502,0.3387042284,0.0342646055,0.5657957792
2634,0.8638008237,0.9414374828,0.1155893728,0.7087177634,0.1756928861,0.0334770232,0.2061038911,0.0288284495,0.7315905690
2635,0.7660431862,0.9544842839,0.0515505187,0.7650499940,0.1833994389,0.0321781524,0.1278387308,0.0217372254,0.8182458878
2636,0.9823178053,0.9187771678,0.2474272698,0.5717130303,0.1808596998,0.0540133901,0.3092812002,0.0148803610,0.6218249798
2637,0.9845131040,0.0171780922,0.0427180342,0.9239927530,0.0332891755,0.0530614145,0.0988599956,0.0287947785,0.8192837834
2638,0.6092363596,0.9423984289,0.1150039136,0.7132099867,0.1717861295,0.0481922999,0.3573265672,0.0386753678,0.5558057427
2639,0.9092981219,0.9336159825,0.1390319616,0.6764427423,0.1845252812,0.0383534580,0.2010357082,0.0289289895,0.7316818237
2640,0.9448595047,0.9635394216,0.0987263843,0.4267181158,0.4745554328,0.1825831383,0.7411843538,0.0247600153,0.0514725633
2641,0.8160853386,0.9326330423,0.7862663269,0.1002031192,0.1135306060,0.0345173217,0.0144312885,0.0174134951,0.9336379170
2642,0.9906386137,0.9729040265,0.4139375091,0.4908208847,0.0952415243,0.0106067611,0.9717071652,0.0105040688,0.0071820114
2643,0.5791504383,0.9282496572,0.0538299009,0.7877730727,0.1583970487,0.0273161307,0.0963580608,0.0543942228,0.8219316602
2644,0.7809514403,0.9365445375,0.1528611332,0.6731114984,0.1740274131,0.0539132766,0.4066824615,0.0324246734,0.5069795847
2645,0.8524757624,0.9331018329,0.1319933683,0.6707158089,0.1972907633,0.0389803872,0.1940561533,0.0347978845,0.7321655750
2646,0.8878090978,0.9229009151,0.1372470409,0.7090432048,0.1537097692,0.0373296365,0.1982924491,0.0333147533,0.7310631871
2647,0.9336279631,0.9704350233,0.2397499382,0.0477573723,0.7124927044,0.2893996835,0.6664391160,0.0127106439,0.0314505100
2648,0.9018871188,0.9192293882,0.5562762618,0.2176817060,0.2260420769,0.0927476659,0.7720327377,0.0393152423,0.0959043577
2649,0.8089125156,0.9214683175,0.0718336254,0.7738255858,0.1543407887,0.0904975757,0.4126497507,0.0731237456,0.4237289131
2650,0.9947210550,0.0147751179,0.2215952724,0.4887532592,0.2896514535,0.1585256457,0.4542689323,0.1071913391,0.2800140381
2651,0.8858881593,0.9340494275,0.1552198529,0.6514311433,0.1933489591,0.0497192591,0.3308315277,0.0227483362,0.5967008471
2652,0.4485184848,0.9396443367,0.0707998723,0.6220446229,0.3071555197,0.0241630860,0.0801533386,0.0796466246,0.8160368800
2653,0.8723199368,0.9591627121,0.0732990354,0.6986211538,0.2280798256,0.0296012238,0.1353162825,0.0299193617,0.8051632047
2654,0.9406355023,0.9393433928,0.1940011829,0.6420299411,0.1639689058,0.0327572525,0.3590105474,0.0487199537,0.5595123172
2655,0.8828610778,0.9422624111,0.0859299004,0.7253040075,0.1887660772,0.0462453812,0.1787363440,0.0235779826,0.7514403462
2656,0.9790776372,0.9559294581,0.1771355718,0.5916956067,0.2311688364,0.0344219133,0.1738995761,0.0178479850,0.7738304734
2657,0.2460778803,0.9252930880,0.0406448357,0.8861926794,0.0731624514,0.0202598497,0.0921267569,0.0870731622,0.8005402088
2658,0.9934971333,0.0215264484,0.3075497150,0.6670336127,0.0254166964,0.0101440530,0.0731468573,0.0640949830,0.8526140451
2659,0.7885601521,0.9229522943,0.1100078747,0.6951586008,0.1948335767,0.0374782570,0.9368474483,0.0189065039,0.0067677759
2660,0.9351825714,0.9618208408,0.2042277604,0.7403300405,0.0554421544,0.0249489043,0.8908914328,0.0290376581,0.0551219806
2661,0.6085308194,0.8639022112,0.0672355518,0.1500737220,0.7826907635,0.3656367660,0.6025876999,0.0127424467,0.0190330837
2662,0.9076885581,0.9489855170,0.1124707013,0.7024773359,0.1850519776,0.0327291489,0.1830462962,0.0221360791,0.7620885372
2663,0.9197010398,0.9308156371,0.3700592816,0.3065403998,0.3234003484,0.1563526839,0.6949326396,0.0402578190,0.1084568053
2664,0.6131460667,0.9336429238,0.0881139562,0.7027734518,0.2091126144,0.0353062823,0.1145587489,0.0397854559,0.8103494644
2665,0.8372099996,0.8602800369,0.4918737113,0.3130955994,0.1950307339,0.1588000953,0.5395777225,0.0461259857,0.2554961741
2666,0.9392485023,0.9349763989,0.2433027327,0.3826912344,0.3740060329,0.1661635041,0.7782858610,0.0250703134,0.0304802619
2667,0.7891918421,0.9250720739,0.1029512212,0.7749260068,0.1221228167,0.0796979889,0.3084278703,0.0850040317,0.5268700719
2668,0.9074712396,0.9447104335,0.1435246915,0.6471924186,0.2092828900,0.0402902253,0.3098214567,0.0250977445,0.6247906685
2669,0.8474348187,0.8791239858,0.1239499673,0.8054029942,0.0706470609,0.0297474507,0.4688986838,0.0628371984,0.4385166168
2670,0.9454479814,0.9556657076,0.0978801623,0.6891379356,0.2129818946,0.0427246466,0.2304371297,0.0198334325,0.7070048451
2671,0.8996958137,0.9565467834,0.0991080329,0.7284756899,0.1724162996,0.0258709006,0.1358331740,0.0224256851,0.8158702850
2672,0.9771370292,0.9632489681,0.6070237160,0.2465755492,0.1464007497,0.0203377716,0.0306909606,0.0127436705,0.9362276196
2673,0.8372910619,0.9530361295,0.0905683711,0.7122035027,0.1972281039,0.0360154323,0.1649578959,0.0245303232,0.7744963765
2674,0.9864600897,0.0224034674,0.0576543733,0.9187171459,0.0236284751,0.0401067771,0.1004902720,0.0300540477,0.8293489218
2675,0.7580554485,0.9260402918,0.1340592653,0.6118956208,0.2540450990,0.0403087400,0.1554157138,0.0389808491,0.7652947307
2676,0.9024677277,0.9481897354,0.0679862201,0.7322939038,0.1997198761,0.0421175584,0.1303223670,0.0212827567,0.8062772751
2677,0.9948068261,0.0213645697,0.4446324408,0.5212784410,0.0340891108,0.0187969357,0.1993679255,0.0719173551,0.7099177837
2678,0.7059832811,0.8816121221,0.0152520351,0.0171017461,0.9676461816,0.9612262249,0.0016821913,0.0065141399,0.0305774491
2679,0.1728611290,0.9384139180,0.0274912827,0.8174681664,0.1550405622,0.0252579078,0.0741014183,0.0772762224,0.8233644366
2680,0.9190878868,0.9584715366,0.2215818614,0.7320932150,0.0463248901,0.0113878706,0.2302750498,0.0807818472,0.6775552034
2681,0.9791268110,0.9766597748,0.6797938347,0.0917651281,0.2284410596,0.1575970799,0.1338798702,0.0430307984,0.6654922366
2682,0.8969486356,0.8829818964,0.2077262998,0.3884625137,0.4038112164,0.1896101236,0.7019795775,0.0210738797,0.0873364359
2683,0.9933776259,0.9415940046,0.8459231853,0.0822053477,0.0718715116,0.0436103232,0.7668774128,0.0451428853,0.1443693638
2684,0.7332373857,0.8938902020,0.1076355278,0.2106503099,0.6817142367,0.1428938508,0.8443388939,0.0076554255,0.0051119030
2685,0.9190518260,0.9547789693,0.0933892056,0.6868655682,0.2197451890,0.0288564041,0.1117073223,0.0225349478,0.8369013071
2686,0.9054587483,0.9581062198,0.0632065758,0.6040141582,0.3327792883,0.2069177628,0.7399743199,0.0331953540,0.0199125297
2687,0.8268948197,0.8684759140,0.2868283093,0.4221302569,0.2910414040,0.1663445532,0.4937891662,0.0616997369,0.2781665325
2688,0.9352769256,0.9515262842,0.1327611953,0.5635449886,0.3036938012,0.1502541155,0.7403929830,0.0387193970,0.0706335902
2689,0.2596912384,0.9435018301,0.0216743089,0.8561643362,0.1221614033,0.0278482009,0.0857733786,0.0577220544,0.8286563754
2690,0.9646841884,0.1125477105,0.2613871992,0.6113874912,0.1272252798,0.0467043184,0.1623726189,0.0857415497,0.7051815391
2691,0.4205965698,0.9341195822,0.0797826350,0.7932694554,0.1269479394,0.0458737835,0.2936666906,0.0432888344,0.6171706319
2692,0.9968008995,0.9362166524,0.2594819367,0.5011119246,0.2394061387,0.0340443887,0.2607453763,0.0193387456,0.6858714819
2693,0.9923824668,0.0193166398,0.0601287186,0.8924668431,0.0474044085,0.0273781680,0.0373466462,0.0217316132,0.9135436416
2694,0.8657059669,0.9403455257,0.1688812077,0.6902648807,0.1408539265,0.0667133778,0.4507648647,0.0176271722,0.4648946226
2695,0.7484634519,0.8688359261,0.3095609248,0.3927303553,0.2977087200,0.1532675177,0.1372567862,0.0646495670,0.6448260546
2696,0.9151678681,0.9521481395,0.0758949071,0.7194697261,0.2046353519,0.0284595955,0.0841736570,0.0198008642,0.8675658703
2697,0.5781005025,0.9432837367,0.0938327312,0.0296989381,0.8764684200,0.8753564954,0.0124131711,0.0356487036,0.0765816644
2698,0.8201113939,0.9293867946,0.0912410542,0.1767934561,0.7319654822,0.1728808582,0.8117867112,0.0083349375,0.0069974349
2699,0.9440966249,0.9529551864,0.4916415811,0.4574333429,0.0509250723,0.0709073618,0.4940882623,0.0830176994,0.3519866765
2700,0.9303055406,0.9658107162,0.1714609712,0.7739865184,0.0545525886,0.0269889385,0.8530297279,0.0303937625,0.0895875394
2701,0.8318389058,0.9345036149,0.0874684006,0.6660106778,0.2465209812,0.0322215334,0.1155258268,0.0364933200,0.8157593012
2702,0.4637967646,0.9470778704,0.0478635356,0.7974522114,0.1546842307,0.0130382720,0.0557157919,0.0589877926,0.8722581863
2704,0.9925519228,0.0258876793,0.0806571245,0.8651167750,0.0542261861,0.0449743010,0.0650626272,0.0428589918,0.8471040726
2705,0.9953994155,0.0235011186,0.1890600324,0.6883174181,0.1226225719,0.0515124500,0.4958840013,0.0866149887,0.3659886122
2706,0.9794842601,0.0365930870,0.1131697893,0.8462916613,0.0405385606,0.0394115560,0.0757981390,0.0264895987,0.8583006859
2707,0.9927790761,0.0297173858,0.0873391628,0.8585051298,0.0541557744,0.0474269353,0.0746141300,0.0429287218,0.8350301981
2708,0.9429062605,0.9414594769,0.2460708171,0.5078160167,0.2461131662,0.1314699054,0.6954215169,0.0394258685,0.1336826980
2709,0.9891015887,0.9709308147,0.1882928908,0.4419604838,0.3697466254,0.0280301832,0.3459085822,0.0362811722,0.5897800326
2710,0.4981894493,0.9368590713,0.0963828638,0.7671787739,0.1364383548,0.0472237989,0.3408070207,0.0346327499,0.5773364305
2711,0.8123511672,0.9637145400,0.1275961399,0.5791724324,0.2932314277,0.0390374251,0.2407600135,0.0426638126,0.6775387526
2712,0.9921017289,0.0267831516,0.3551249206,0.6010577083,0.0438174009,0.0224297438,0.1845276952,0.0807434171,0.7122991085
2713,0.2136035562,0.9486050010,0.0228311010,0.7906662226,0.1865026504,0.0262112878,0.0662190169,0.0691835955,0.8383861184
2714,0.9425151348,0.9615788460,0.3029406369,0.6336895227,0.0633699000,0.0298699997,0.7794618607,0.0420806520,0.1485874355
2715,0.4099006951,0.9498764873,0.0328168720,0.8381282687,0.1290548295,0.0308057424,0.1312654465,0.0324323885,0.8054963946
2716,0.9310455918,0.9178580642,0.1763671935,0.6610033512,0.1626294255,0.0466149598,0.2420634478,0.0236709379,0.6876506805
2717,0.8457332850,0.9631447196,0.2921075821,0.2517884374,0.4561039805,0.2977627218,0.5641475916,0.0355566479,0.1025331169
2718,0.9932594895,0.0137120625,0.4068686366,0.5595762134,0.0335552022,0.0189139824,0.2594124079,0.0800653398,0.6416082382
2719,0.7636310458,0.9468745589,0.0678870752,0.7844490409,0.1476638913,0.0410735384,0.2132966965,0.0271890573,0.7184407115
2720,0.9363620281,0.9394718409,0.1383690089,0.6865401864,0.1750907898,0.0393879637,0.2471984476,0.0236794110,0.6897341609
2721,0.9942589998,0.9210600853,0.5711794496,0.2695083022,0.1593122035,0.0344074257,0.8978779316,0.0094542764,0.0582603365
2722,0.6429488659,0.9392976165,0.0582915470,0.7818316817,0.1598767489,0.0403204262,0.1767210364,0.0309130326,0.7520455122
2723,0.8517180085,0.9084195495,0.2457689047,0.2213565409,0.5328745842,0.0945783183,0.8928287029,0.0072765690,0.0053163152
2724,0.6820811033,0.9362078905,0.0615538098,0.0178961679,0.9205499291,0.9177829027,0.0065845372,0.0260000769,0.0496324748
2725,0.4045229852,0.7440483570,0.0098288888,0.0101322774,0.9800388217,0.9478679895,0.0048820479,0.0076372516,0.0396127515
2726,0.9961934090,0.9359709620,0.3052787483,0.4585742950,0.2361469269,0.0319653004,0.3112529814,0.0315100178,0.6252716780
2727,0.7683651447,0.9407442212,0.0810077637,0.7571194768,0.1618727744,0.0477659218,0.2315510064,0.0271607824,0.6935222745
2729,0.8917805552,0.9469524026,0.0613628961,0.7608215213,0.1778155863,0.0430416800,0.1460614204,0.0237095281,0.7871872783
2730,0.9445850849,0.9419103265,0.5563606024,0.0863009766,0.3573383689,0.1714319289,0.2139104307,0.0473940372,0.5672636032
2731,0.8602022529,0.9261436462,0.0916582122,0.6965883970,0.2117533982,0.0487046763,0.2921726406,0.0458521694,0.6132704616
2732,0.9726043940,0.9461422563,0.4132111073,0.3035755754,0.2832133472,0.0564202927,0.1592824906,0.0628499091,0.7214472890
2733,0.9582475424,0.1555205584,0.3043088317,0.5666809678,0.1290102154,0.0505987629,0.1974285096,0.0954020470,0.6565706730
2734,0.8907968402,0.9385303855,0.1382812411,0.7103802562,0.1513384283,0.0584751368,0.4266043305,0.0253429264,0.4895776212
2735,0.9335089922,0.9545173645,0.1099196300,0.6616516709,0.2284287065,0.0341238417,0.1291978657,0.0193847120,0.8172935843
2736,0.6477898955,0.9393162727,0.1051691547,0.7264382839,0.1683925539,0.0539984070,0.3282676339,0.0304723810,0.5872616172
2737,0.9039299488,0.9336227775,0.2394494712,0.6176399589,0.1429105997,0.0717216805,0.5251153111,0.0165272057,0.3866358399
2738,0.9397981167,0.1663389057,0.1448887885,0.7531180382,0.1019932553,0.0663362741,0.1180998385,0.0345318876,0.7810320258
2739,0.8996083140,0.9412521124,0.1389787942,0.7237928510,0.1372283101,0.0535902455,0.4419265687,0.0243688524,0.4801143706
2740,0.7801991105,0.8316708207,0.1925552338,0.5009491444,0.3064956069,0.0841643214,0.1807261705,0.0473048352,0.6878046393
2741,0.8184372783,0.9442535639,0.1316825747,0.6686351299,0.1996823400,0.0528376848,0.5003979206,0.0462480709,0.4005163014
2742,0.9782975316,0.0308082849,0.1058921218,0.8453910947,0.0487167947,0.0455717891,0.0778428391,0.0261606351,0.8504247665
2743,0.9906885624,0.0344790183,0.0880735591,0.8510915041,0.0608349219,0.0479395688,0.0728305429,0.0442465879,0.8349832892
2744,0.9109066129,0.9636164904,0.2918454707,0.2266153991,0.4815390706,0.2704931796,0.6401824951,0.0267396364,0.0625847802
2745,0.7396366000,0.9297405481,0.1122755185,0.6817876697,0.2059367895,0.0419969410,0.1802447736,0.0416299626,0.7361283302
2746,0.9727895856,0.9123932123,0.3556280136,0.2703123689,0.3740596473,0.1387911141,0.8425024152,0.0108654331,0.0078409677
2747,0.2221806496,0.9141078591,0.0389196649,0.8385701776,0.1225101650,0.0306705479,0.0931579173,0.0882969424,0.7878745794
2748,0.8568582535,0.9064040184,0.6459057331,0.0553325638,0.2987616658,0.3545384407,0.2100369781,0.0218774360,0.4135471582
2749,0.9927883744,0.0248816907,0.4623899162,0.4843460321,0.0532641076,0.0278268177,0.2747305632,0.0681864098,0.6292562485
2750,0.9561905265,0.9448766112,0.4935360849,0.2827295661,0.2237343639,0.0872146115,0.8501840830,0.0173846558,0.0452166237
2751,0.7683644891,0.9101437330,0.0631676987,0.8082000613,0.1286322773,0.0438926816,0.1631928980,0.0305829514,0.7623314857
2752,0.8936647773,0.9475481510,0.0954993293,0.7089078426,0.1955927908,0.0329271033,0.1194793880,0.0213757660,0.8262177706
2753,0.9207602143,0.9395049810,0.1709466428,0.6381533742,0.1908999681,0.0501560047,0.3806695938,0.0201210529,0.5490533113
2754,0.8076460958,0.9294840097,0.1738279313,0.6621198654,0.1640522033,0.0506289229,0.4226164222,0.0328880511,0.4938665628
2755,0.7849496007,0.9128804207,0.1387399286,0.7438626885,0.1173974425,0.0299220942,0.9294448495,0.0275490992,0.0130839944
2756,0.4609379470,0.9508627057,0.0381726511,0.8263015747,0.1355257183,0.0354344845,0.1452331245,0.0346644819,0.7846679688
2757,0.7889366746,0.9391385317,0.1389397681,0.6947568655,0.1663034260,0.0471488014,0.3973462880,0.0335744582,0.5219304562
2758,0.8453936577,0.9554011226,0.0692804530,0.7441296577,0.1865898371,0.0438686348,0.1871116310,0.0266725793,0.7423471212
2759,0.8442671299,0.9372705817,0.0950246528,0.6933794618,0.2115959078,0.0351811871,0.1201994568,0.0286260489,0.8159933090
2760,0.9951865077,0.0110042728,0.2090482563,0.7057918310,0.0851599723,0.0336304307,0.4077247977,0.1107287705,0.4479159713
2762,0.9961768389,0.0192942228,0.1962793618,0.7071483135,0.0965722799,0.0439482890,0.4275618196,0.1011031121,0.4273868203
2763,0.8764988780,0.9273654222,0.1011345759,0.6642828584,0.2345825434,0.0376103260,0.0950118303,0.0245030411,0.8428747654
2764,0.9004490972,0.9664143324,0.1460733563,0.0258663390,0.8280603290,0.3452781737,0.6366952658,0.0067744870,0.0112521192
2765,0.8361608386,0.9158812761,0.1569850892,0.4517177939,0.3912971020,0.2541750968,0.4357128441,0.0932992846,0.2168127745
2766,0.9591802955,0.8808432221,0.4208257794,0.4615128934,0.1176614016,0.0541324280,0.8921275735,0.0255775005,0.0281624869
2767,0.2571517825,0.9215368629,0.0384925418,0.8439726830,0.1175347567,0.0285616200,0.0925206989,0.0821595192,0.7967581749
2768,0.9221932292,0.9564758539,0.1173557043,0.4931162000,0.3895280659,0.2327473909,0.6213383675,0.0455047116,0.1004095525
2769,0.8900749087,0.9301658869,0.1497296393,0.6474893093,0.2027810514,0.0527977720,0.2811604738,0.0254010744,0.6406406760
2770,0.9917578101,0.0413535722,0.3250965774,0.6208561063,0.0540473200,0.0314466171,0.2754837573,0.0818381235,0.6112314463
2771,0.6280828118,0.9400606751,0.1010993049,0.7116824389,0.1872182637,0.0395993106,0.2604964972,0.0815297738,0.6183744669
2772,0.3448902071,0.9641810060,0.0507578775,0.1263203919,0.8229216933,0.9087763429,0.0136110419,0.0365522243,0.0410604328
2773,0.6765700579,0.8576225042,0.1022436991,0.1353173256,0.7624390125,0.4074141085,0.5536750555,0.0135086719,0.0254021995
2774,0.9010753632,0.9462333918,0.0715280697,0.7282593846,0.2002125680,0.0455900617,0.1499200165,0.0233101286,0.7811797261
2775,0.7567332983,0.9451244473,0.0677137971,0.7711376548,0.1611485928,0.0354985297,0.1728107035,0.0238387678,0.7678520083
2776,0.9825711846,0.0281422902,0.0928738415,0.8618350625,0.0452910587,0.0430023298,0.0756024122,0.0241705067,0.8572247624
2777,0.8475123048,0.9242432117,0.0861354768,0.7906463742,0.1232181340,0.0598379150,0.2367005944,0.0640803725,0.6393811107
2778,0.6819200516,0.9382901788,0.0907544941,0.6902233958,0.2190221548,0.0307487827,0.0998469666,0.0380000807,0.8314040899
2779,0.0711450800,0.9244179726,0.0282230601,0.8892814517,0.0824955031,0.0263531934,0.0946503431,0.1112122312,0.7677841783
2780,0.9177151322,0.9307688475,0.3814040422,0.2058656663,0.4127302468,0.0976705328,0.8574249148,0.0210810769,0.0238235034
2781,0.9884638190,0.9737901092,0.1753804833,0.4582980573,0.3663214445,0.0254286155,0.2760461867,0.0334836133,0.6650415659
2782,0.7537103891,0.8840333223,0.3519752622,0.4915817678,0.1564429700,0.0567483082,0.1113246009,0.0990824476,0.7328445911
2783,0.7690406442,0.9299117923,0.1171252355,0.6721907854,0.2106840163,0.0423915088,0.1786214709,0.0384929143,0.7404941320
2784,0.9228354096,0.9525809884,0.0717223212,0.7313712835,0.1969063580,0.0427188762,0.1741504967,0.0206374042,0.7624931931
2785,0.9577088356,0.9427670240,0.2040064782,0.5977908969,0.1982026249,0.0467243567,0.2203236371,0.0172920600,0.7156599164
2786,0.8397364616,0.9447619915,0.4640960693,0.2813898325,0.2545140684,0.1668520868,0.6134385467,0.0486412086,0.1710681170
2787,0.9718827009,0.0358854309,0.1141033098,0.8466590643,0.0392377004,0.0349034034,0.0912848935,0.0274393968,0.8463722467
2788,0.9303807616,0.9476636648,0.1733678877,0.5973304510,0.2293016762,0.0317657627,0.1703825444,0.0326147936,0.7652368546
2789,0.9858489037,0.0149021847,0.0397952236,0.9247242212,0.0354806148,0.0580912791,0.0974813476,0.0286562536,0.8157710433
2790,0.7367135286,0.9363790751,0.1095133349,0.7161983848,0.1742883176,0.0530390590,0.3200310767,0.0370560177,0.5898738503
2791,0.2896725535,0.9369239211,0.0372561365,0.8786411285,0.0841028020,0.0233959891,0.0944816843,0.0700933933,0.8120289445
2792,0.9694377780,0.9512517452,0.2436515391,0.5350918174,0.2212565988,0.0447341688,0.2279217988,0.0176312160,0.7097128630
2793,0.9044445157,0.9386029243,0.2020060867,0.6550851464,0.1429087669,0.0672223493,0.5464088917,0.0188578758,0.3675108850
2794,0.9383024573,0.9537549019,0.1057317629,0.6571018100,0.2371664494,0.0254926067,0.1009456441,0.0220271964,0.8515346050
2795,0.9442608953,0.1020041406,0.2964115739,0.6354774833,0.0681109130,0.0226406548,0.1031578183,0.0758895352,0.7983120084
2796,0.5301511288,0.9378244281,0.0918242410,0.7610707879,0.1471050233,0.0529973917,0.3396207988,0.0330409333,0.5743408799
2797,0.8486459255,0.9099220037,0.0710165799,0.7877043486,0.1412790418,0.0516469255,0.1889271885,0.0297489893,0.7296769023
2798,0.8384848237,0.9265429974,0.1866637319,0.7611967921,0.0521395169,0.0665875524,0.7300293446,0.0895651653,0.1138179153
2799,0.7321072221,0.9600561857,0.2459504902,0.2293622792,0.5246872306,0.3854319751,0.0566889793,0.0849865302,0.4728924930
2800,0.5923386216,0.9361810088,0.1217288449,0.7354120016,0.1428591460,0.0517715774,0.4140542746,0.0351391993,0.4990349710
2801,0.9390030503,0.9469145536,0.1759855300,0.6524384618,0.1715760380,0.0551626682,0.2631682158,0.0185554437,0.6631136537
2802,0.9756838679,0.0396398120,0.1082811877,0.8358642459,0.0558545850,0.0516814701,0.0869616419,0.0288855787,0.8324713111
2803,0.1361750364,0.9677497745,0.1501596868,0.0394672640,0.8103730083,0.8386110067,0.0062475409,0.0219426900,0.1331988275
2805,0.3297141790,0.9158130884,0.0310274549,0.8777653575,0.0912071317,0.0308947377,0.1215225905,0.0528346002,0.7947480083
2806,0.9983105659,0.9439666867,0.3250565529,0.4490776062,0.2258658558,0.0220612399,0.1962860823,0.0109676803,0.7706850171
2807,0.8600824475,0.9392674565,0.0817736611,0.6778998375,0.2403264791,0.0268060081,0.1006361023,0.0338565409,0.8387013674
2808,0.8636138439,0.9332276583,0.1692987382,0.6848576665,0.1458435804,0.0669582784,0.4250752330,0.0204177145,0.4875487685
2809,0.9036753774,0.9507946968,0.1204068810,0.6964406967,0.1831524372,0.0383028015,0.2166877687,0.0212581977,0.7237512469
2810,0.9710618258,0.0447255373,0.0901791826,0.8460046053,0.0638161227,0.0575193465,0.0822582245,0.0291355103,0.8310868740
2811,0.9631433487,0.1403541714,0.2743417025,0.6036809087,0.1219773591,0.0645642504,0.2241436094,0.0766724423,0.6346197128
2812,0.9096583128,0.9632150531,0.2238859087,0.2758358121,0.5002782345,0.1704587936,0.7867111564,0.0173051860,0.0255249068
2813,0.8527922630,0.8833572865,0.6280597448,0.2581678331,0.1137724966,0.1136518493,0.0797735304,0.0746147484,0.7319598198
2814,0.9544586539,0.1272600442,0.1093127131,0.7729043961,0.1177829280,0.0769120008,0.1139390543,0.0344327651,0.7747162580
2815,0.9898912907,0.0387480371,0.0970766097,0.8362603784,0.0666629672,0.0498767011,0.0761201158,0.0426380113,0.8313652277
2816,0.6752889156,0.9378272891,0.0655510351,0.7686074376,0.1658415198,0.0416161902,0.1900052428,0.0302204434,0.7381581068
2817,0.9125450850,0.9556372762,0.0766796246,0.7085917592,0.2147286534,0.0265938621,0.0984507278,0.0217891280,0.8531663418
2818,0.9561210275,0.0435933396,0.1136502400,0.8512121439,0.0351376086,0.0374391116,0.0960980803,0.0407755896,0.8256872296
2819,0.9051517844,0.9498956203,0.1116461083,0.7053282857,0.1830256432,0.0328486413,0.1910409629,0.0222086683,0.7539017200
2820,0.9286897779,0.9552254081,0.0862624124,0.7196928859,0.1940446943,0.0467495993,0.2424892336,0.0199454650,0.6908157468
2821,0.8591395617,0.9618974924,0.0711660162,0.7133693099,0.2154647261,0.0258397590,0.1123896539,0.0280857645,0.8336848617
2822,0.9196189642,0.0884312168,0.1410204768,0.8095076680,0.0494718775,0.0389492512,0.0990817249,0.0427679829,0.8192009330
2823,0.9840657115,0.0673847273,0.3543193936,0.5643761158,0.0813044459,0.0429762192,0.2978196144,0.0680617020,0.5911424160
2824,0.7814837694,0.8566746712,0.1961240023,0.5525468588,0.2513291240,0.0932752341,0.2667191625,0.0417217426,0.5982838869
2825,0.8488689661,0.8289180994,0.2584707439,0.1085567325,0.6329724789,0.3434426785,0.5740447044,0.0229425486,0.0595700741
2826,0.6874185801,0.9092851877,0.4090595841,0.2976866961,0.2932537198,0.1155881956,0.0800098479,0.0705987141,0.7338032126
2827,0.8265715837,0.9597855210,0.0643382892,0.7259520292,0.2097096592,0.0375965722,0.1793123931,0.0211927928,0.7618982792
2828,0.9740762115,0.9459816813,0.1656275690,0.6396631002,0.1947093010,0.0481945425,0.4048170745,0.0307829771,0.5162053704
2829,0.8803077340,0.9125436544,0.5771579742,0.2375571132,0.1852848828,0.1079692766,0.7594749331,0.0432096794,0.0893460512
2830,0.9253897667,0.9193814993,0.0692684278,0.8816890121,0.0490425304,0.0164664779,0.6342256665,0.0505479090,0.2987599671
2831,0.8902085423,0.9184281826,0.1624332070,0.6905832291,0.1469835639,0.0364690945,0.2043700665,0.0344732963,0.7246875763
2832,0.9274700880,0.9557796121,0.1991667747,0.5537285805,0.2471046150,0.1656851918,0.5704084635,0.0629920661,0.2009142935
2833,0.9330145717,0.9141422510,0.4320613742,0.4173459113,0.1505927294,0.0536598563,0.8825762272,0.0284763947,0.0352875143
2834,0.4825470150,0.9369492531,0.0733668059,0.7731774449,0.1534557790,0.0464117602,0.2376664132,0.0419731103,0.6739487648
2835,0.8766264915,0.9634538889,0.1577150524,0.7793749571,0.0629100353,0.0292129833,0.3489488661,0.1603973806,0.4614407420
2836,0.9385122061,0.9588796496,0.0648929998,0.7261890769,0.2089179456,0.0396744274,0.1548214555,0.0227255672,0.7827786207
2837,0.8276998401,0.9177229404,0.1376632452,0.7166029215,0.1457338929,0.0383028537,0.9222503304,0.0279225204,0.0115242871
2838,0.9937763214,0.0187222902,0.4868225753,0.4689490497,0.0442283973,0.0285035465,0.2668077946,0.0720792711,0.6326093674
2839,0.9959885478,0.0164415594,0.3991404176,0.5605220199,0.0403376035,0.0246355478,0.2993373871,0.0611882769,0.6148387790
2840,0.7760518193,0.9567006826,0.5844479203,0.2277494669,0.1878026128,0.1885855198,0.0301689599,0.0944620296,0.6867834330
2841,0.8670924902,0.9588326216,0.0759093016,0.7298879027,0.1942027956,0.0395716764,0.2034219801,0.0190928988,0.7379133701
2842,0.7322956920,0.8251199126,0.1872847229,0.5239472985,0.2887679935,0.0836728960,0.1807132810,0.0474193655,0.6881944537
2843,0.5293106437,0.9322909713,0.0437399819,0.7996670604,0.1565929651,0.0276794080,0.0857582912,0.0650144890,0.8215478063
2844,0.3897211850,0.9256383777,0.0396969989,0.8184887767,0.1418142021,0.0315882042,0.0870994180,0.0602293089,0.8210830092
2845,0.8804491758,0.9416525364,0.1216877997,0.6741317511,0.2041804492,0.0378105268,0.2742312551,0.0234905872,0.6644676328
2846,0.7875980735,0.9315361381,0.0744162276,0.5918608904,0.3337228894,0.0383696184,0.1009935066,0.0406329334,0.8200039268
2847,0.9510948658,0.9526841640,0.2194620669,0.6257104874,0.1548274457,0.0610604919,0.5863102078,0.0161161758,0.3365131319
2848,0.8942486644,0.9437410831,0.0969809741,0.7098653913,0.1931536198,0.0371989384,0.1320336163,0.0220184494,0.8087489605
2849,0.8774795532,0.9521883726,0.0849066526,0.7139692903,0.2011240125,0.0289691072,0.1123750955,0.0238512103,0.8348045945
2850,0.7346835136,0.9217484593,0.0865950286,0.7326285243,0.1807764918,0.0340108871,0.1304140389,0.0381262749,0.7974488139
2851,0.9594593644,0.0415161103,0.1135936230,0.8450276256,0.0413787216,0.0397999138,0.0897344872,0.0329285823,0.8375370502
2852,0.7397026420,0.9667150378,0.5795077682,0.2315813750,0.1889107823,0.1375700235,0.0350150689,0.0287645198,0.7986503243
2853,0.4130980372,0.9489632249,0.0465429835,0.7878059149,0.1656510681,0.0121918470,0.0509802029,0.0654943734,0.8713335991
2854,0.9941640496,0.0206853729,0.4224969745,0.5336641669,0.0438388884,0.0253830925,0.3366784155,0.0611928776,0.5767456293
2855,0.9507219791,0.9548109174,0.1158657894,0.6809986234,0.2031355351,0.0417674370,0.2817243636,0.0193351451,0.6571730375
2856,0.9411932826,0.9415794015,0.4570346773,0.1606655717,0.3822997808,0.1768193841,0.7555180788,0.0326537304,0.0350087732
2857,0.9418600798,0.9285154939,0.1877760887,0.6261522770,0.1860716939,0.0403856747,0.2336375117,0.0275822580,0.6983945966
2858,0.9847821593,0.0162087176,0.2445039302,0.4729473293,0.2825487554,0.1348538697,0.5853319168,0.0918520838,0.1879621297
2859,0.9568941593,0.0487700365,0.1249445379,0.8411672711,0.0338882133,0.0330647267,0.0905674994,0.0268968567,0.8494709730
2860,0.4407090247,0.8545430899,0.0340959057,0.0342195146,0.9316846132,0.8912412524,0.0097607402,0.0194034521,0.0795944855
2861,0.8064340353,0.9181846976,0.0715730414,0.8056699634,0.1227570027,0.0594579019,0.2621140480,0.0306737367,0.6477543116
2862,0.9849889278,0.9268786907,0.6547554731,0.3129245937,0.0323199593,0.0207205433,0.1652509570,0.1582592875,0.6557692289
2863,0.9268702865,0.9282580614,0.2256470770,0.3459801376,0.4283728600,0.2369555682,0.6611387134,0.0453735515,0.0565321930
2864,0.9721515179,0.0385486931,0.0961473882,0.8537339568,0.0501186959,0.0526938289,0.0883748382,0.0275328550,0.8313984275
2865,0.6263060570,0.9587954879,0.0876449421,0.4616752565,0.4506797194,0.2356824130,0.3154267073,0.0546347238,0.3942562044
2866,0.1982196420,0.9254593849,0.0428298935,0.8746141791,0.0825559124,0.0204651374,0.0997019112,0.0914140567,0.7884188890
2867,0.9960311055,0.0400261395,0.1189893261,0.6334521174,0.2475585639,0.0708252192,0.0455190428,0.0285242200,0.8551315665
2868,0.7218430042,0.9346834421,0.0766832083,0.7562766075,0.1670401394,0.0447101370,0.2072048038,0.0283220075,0.7197630405
2869,0.9380823374,0.9550337791,0.2064694464,0.6115518808,0.1819786429,0.0646277368,0.6180492640,0.0168325230,0.3004904985
2870,0.8263017535,0.9265838265,0.0838465467,0.7033783793,0.2127750665,0.1248916611,0.5473492146,0.0642250329,0.2635340989
2871,0.2709140778,0.9404792786,0.0252365749,0.8545364738,0.1202269047,0.0247112680,0.0770006105,0.0624177083,0.8358703852
2872,0.9130996466,0.9612602592,0.0665324107,0.7540526390,0.1794149578,0.0266238339,0.1024129689,0.0184600595,0.8525031805
2873,0.8848646283,0.9352599382,0.1445161849,0.6655843258,0.1898994893,0.0472317077,0.2927518189,0.0233372580,0.6366792321
2874,0.9706895947,0.0470620506,0.1132643148,0.8315694332,0.0551662967,0.0528380387,0.0944902822,0.0299747027,0.8226969242
2875,0.7763783932,0.9345266819,0.0709926412,0.9029558301,0.0260515567,0.0061820638,0.0397543162,0.0400861390,0.9139775038
2876,0.9777907729,0.0336066373,0.1037175730,0.8549302220,0.0413521342,0.0405086055,0.0787391141,0.0257873517,0.8549649119
2878,0.9514056444,0.9568074346,0.2656244040,0.3627707660,0.3716048598,0.1242235824,0.7048673034,0.0336457007,0.1372634619
2879,0.8828476071,0.9315367937,0.5025137067,0.3135291636,0.1839571446,0.1610043049,0.6166893840,0.0349664576,0.1873398572
2880,0.6762322187,0.9307105541,0.1085261181,0.7282839417,0.1631899476,0.0566783324,0.3198561072,0.0333746746,0.5900908113
2881,0.6913999915,0.9359598756,0.0443857238,0.8465345502,0.1090797484,0.0408973508,0.1812799275,0.0290558897,0.7487668395
2882,0.5858735442,0.9479416013,0.3453612030,0.2979529202,0.3566858172,0.2542183995,0.0768155605,0.0268979650,0.6420680881
2883,0.7896841764,0.9173207283,0.1611459553,0.4772171974,0.3616368771,0.2469775677,0.6143706441,0.0494862869,0.0891655385
2884,0.8163689375,0.9404599071,0.0614731275,0.6867849231,0.2517419755,0.0279639848,0.0923085585,0.0367662907,0.8429611921
2885,0.8491430879,0.8856868744,0.2978258729,0.4566506147,0.2455234826,0.1177730858,0.6737176776,0.0427963510,0.1657128930
2886,0.7677227855,0.9408571720,0.0607006587,0.7201560140,0.2191433460,0.0390296802,0.1144802794,0.0268890839,0.8196009398
2887,0.7032663822,0.9674627185,0.5474993587,0.1709115505,0.2815890312,0.2554296553,0.0327669904,0.1031360850,0.6086673141
2888,0.9822646379,0.0311244056,0.0951588303,0.8587481380,0.0460930280,0.0433274806,0.0765030459,0.0245954655,0.8555740118
2889,0.9840918779,0.9648424983,0.1948429942,0.5638890266,0.2412680238,0.0436726324,0.2380955666,0.0157399885,0.7024918199
2890,0.9536882043,0.9596873522,0.1500928998,0.5056897402,0.3442173600,0.1847192645,0.6441143155,0.0420303382,0.1291360855
2891,0.7820968628,0.9431567788,0.1051931828,0.7327725887,0.1620342582,0.0353969671,0.2525581121,0.0356903449,0.6763545871
2892,0.9805271626,0.9156204462,0.3450908959,0.4858654141,0.1690436751,0.0373224281,0.5291575789,0.0401187353,0.3934012353
2893,0.9751446843,0.0449920259,0.0980096757,0.8498678803,0.0521224178,0.0532085001,0.0885573030,0.0305803828,0.8276538849
2894,0.3822660148,0.9118804336,0.0269616023,0.0225825123,0.9504557848,0.9449970126,0.0085213194,0.0138477013,0.0326340236
2895,0.5485942960,0.9392066598,0.0745657980,0.0405942835,0.8848398924,0.7854239345,0.0120619126,0.0746143758,0.1278997660
2896,0.6789752245,0.9392319918,0.1070129648,0.0404607132,0.8525263071,0.7847609520,0.0157536827,0.0768529102,0.1226324290
2897,0.8355117440,0.9509279728,0.4584694505,0.2700695693,0.2714610398,0.2060977072,0.5181084275,0.0647477880,0.2110460848
2898,0.8790939450,0.9651697874,0.2488427013,0.2388375103,0.5123198032,0.2873337865,0.6251206398,0.0289911442,0.0585543923
2899,0.8967351913,0.9104161263,0.2604390681,0.5549324155,0.1846285015,0.0902227983,0.5662255883,0.0938862860,0.2496653348
2900,0.9873122573,0.0192287378,0.2585932910,0.6461604834,0.0952462256,0.0407714099,0.2929821610,0.1110837236,0.5551627278
2901,0.5928161740,0.9444084764,0.0751853734,0.6837138534,0.2411008328,0.0337671638,0.1504575759,0.0641344115,0.7516408563
2902,0.9959824085,0.0105609028,0.3176658452,0.4675033987,0.2148307264,0.1142504066,0.5756569505,0.0841058791,0.2259867638
2903,0.1099483222,0.9541577697,0.0479016602,0.0613944307,0.8907038569,0.9328526855,0.0067913025,0.0179969668,0.0423590429
2904,0.1516150981,0.9312548637,0.0264515746,0.8326923251,0.1408561319,0.0291627571,0.0801343992,0.0822504759,0.8084524274
2905,0.8531969190,0.9580289721,0.0727484301,0.7469723225,0.1802792996,0.0289893821,0.1327966899,0.0241862163,0.8140277267
2906,0.8439272046,0.9254779220,0.1733261943,0.6222860217,0.2043877840,0.0353699923,0.9398813248,0.0187265761,0.0060221301
2907,0.7755475640,0.9476971626,0.4713577032,0.3417166173,0.1869256943,0.1347993165,0.0304899309,0.0870396495,0.7476711869
2908,0.9935357571,0.0245859958,0.0774945319,0.8667877316,0.0557176806,0.0497301631,0.0705494285,0.0447113514,0.8350089788
2909,0.7229045630,0.9584082365,0.0517278053,0.7726109624,0.1756612808,0.0307205673,0.1386858523,0.0237014350,0.8068921566
2910,0.4340978563,0.8622801304,0.0131324818,0.0113277007,0.9755398631,0.9518451095,0.0059862463,0.0087392954,0.0334294550
2911,0.9314618111,0.9528446794,0.1849105209,0.5746297836,0.2404596508,0.1625265777,0.5677914619,0.0592371970,0.2104447931
2912,0.9967449903,0.0170389581,0.0522802100,0.8975641727,0.0501556136,0.0615748204,0.0595542192,0.0495800562,0.8292908669
2913,0.9831337929,0.9636083841,0.2121358365,0.5930642486,0.1947999448,0.0412328541,0.2261348963,0.0149346786,0.7176976204
2914,0.9200238585,0.9475468993,0.2435839027,0.3593758941,0.3970402181,0.1242987663,0.6452352405,0.0487994477,0.1816665232
2915,0.7535696626,0.9489220977,0.1875694841,0.4817950726,0.3306354284,0.2015608102,0.1800251901,0.0439380221,0.5744760036
2916,0.8994330168,0.9667578340,0.0532288440,0.5961498618,0.3506212831,0.1817614436,0.7798510194,0.0240787286,0.0143088149
2917,0.6217794418,0.9341322780,0.0791818127,0.7741597891,0.1466584653,0.0452228263,0.2315148562,0.0393247046,0.6839376688
2918,0.9901114106,0.0152521152,0.0138433054,0.9021909237,0.0839658007,0.2929551899,0.1822336167,0.0408179015,0.4839933217
2919,0.9557406306,0.1290175170,0.2587353289,0.6274909973,0.1137736589,0.0379142426,0.1076046973,0.0875039920,0.7669770718
2920,0.9065877795,0.9293382168,0.5481163263,0.1800023913,0.2718812525,0.1340312958,0.7745777369,0.0439593419,0.0474316217
2921,0.9736579061,0.8847177625,0.3008851409,0.2958180606,0.4032968283,0.1153559014,0.8679701686,0.0092951683,0.0073787277
2922,0.9833569527,0.7854351401,0.0190343037,0.3532868922,0.6276787519,0.8996391892,0.0211663656,0.0209047813,0.0582896546
2923,0.6380018592,0.9422343969,0.1174057946,0.0474033840,0.8351908326,0.7872142792,0.0106768096,0.0717912093,0.1303177178
2924,0.9837409258,0.0350362249,0.1131328791,0.8453973532,0.0414697677,0.0397801436,0.0743061453,0.0247350466,0.8611785769
2925,0.5083032250,0.9337684512,0.0901622921,0.8042026162,0.1056351066,0.0477210023,0.3534460962,0.0324219093,0.5664110184
2926,0.8298124671,0.9586421847,0.3357032835,0.3426335454,0.3216631711,0.2391308546,0.5093924999,0.0589187033,0.1925580502
2927,0.9658077359,0.9460819960,0.2311392725,0.5961484909,0.1727122664,0.0501412675,0.2480481267,0.0162523389,0.6855583191
2928,0.9927983284,0.9564222097,0.2266803682,0.5589029193,0.2144167274,0.0365395099,0.3397538960,0.0240948182,0.5996118188
2929,0.5144315362,0.9370710850,0.0881207213,0.7978910208,0.1139882505,0.0484432876,0.3564230204,0.0349198468,0.5602138638
2930,0.9826422930,0.9258339405,0.2245633006,0.6099849343,0.1654517800,0.0547190793,0.3776148856,0.0135017838,0.5541642904
2931,0.8415796757,0.8962784410,0.3356008232,0.3613739908,0.3030251563,0.2137036473,0.4570172429,0.0847324952,0.2445465922
2932,0.9642964602,0.9514322877,0.2119022459,0.5902750492,0.1978227049,0.0400953442,0.1988939196,0.0174438637,0.7435668111
2933,0.5160396695,0.9077734351,0.0479168445,0.8455312252,0.1065520048,0.0381586850,0.1510898322,0.0442529581,0.7664985657
2934,0.8409997821,0.9500618577,0.2630881667,0.2470904738,0.4898212850,0.1856083572,0.7629438043,0.0233135931,0.0281342920
2935,0.7195194960,0.9413201809,0.1043197364,0.7277615666,0.1679187268,0.0465032347,0.3023081422,0.0386412144,0.6125474572
2936,0.8968695998,0.9492662549,0.0700692683,0.7531187534,0.1768119633,0.0427555293,0.1645324975,0.0226862077,0.7700257301
2937,0.9317157865,0.9427384138,0.1228658780,0.6728524566,0.2042816728,0.0443789810,0.2534536123,0.0243334584,0.6778340340
2938,0.7434898019,0.9579005241,0.1077746674,0.5983746052,0.2938507199,0.0370903611,0.2071857303,0.0525088385,0.7032150626
2939,0.3857307136,0.9116770029,0.0362824164,0.8547931910,0.1089244038,0.0340846628,0.1219839975,0.0459761545,0.7979551554
2940,0.8494430184,0.9194427729,0.1676369011,0.3896769583,0.4426862001,0.2404891551,0.5844194293,0.0419196449,0.1331717968
2941,0.7329339385,0.8682113886,0.1704659015,0.5764905810,0.2530434728,0.0510093607,0.1300565600,0.0454258621,0.7735081911
2942,0.5503540635,0.9396998882,0.0753956884,0.7708661556,0.1537381560,0.0502051376,0.2691728771,0.0339335352,0.6466884613
2943,0.7772099376,0.9171137214,0.4004952908,0.3719664216,0.2275382727,0.1602761894,0.1942785531,0.0671626627,0.5782825351
2944,0.8192846775,0.8256888390,0.2490772754,0.4798005223,0.2711221278,0.1447030306,0.3959434330,0.0943539664,0.3649995625
2945,0.9042711854,0.9359370470,0.1639341116,0.6339419484,0.2021239847,0.0537198037,0.3373519182,0.0220969375,0.5868313313
2946,0.8558718562,0.9552496672,0.0514506996,0.7670618296,0.1814874560,0.0333935618,0.1086089015,0.0197938327,0.8382037282
2947,0.8908316493,0.9652668238,0.2580479980,0.2033471763,0.5386047959,0.3050002456,0.6095086932,0.0274217594,0.0580693074
2948,0.4651372731,0.9411479831,0.0480429530,0.8065174222,0.1454396248,0.0306163691,0.1216024160,0.0672984272,0.7804828882
2949,0.6480013132,0.9434995055,0.0897979513,0.0394599698,0.8707420826,0.8608539104,0.0102021573,0.0629398152,0.0660041422
2950,0.9499207735,0.9034941792,0.1792367995,0.2043181807,0.6164450645,0.2074832767,0.7735703588,0.0089369174,0.0100094844
2952,0.8514373899,0.9568489790,0.0763793737,0.7417706847,0.1818499565,0.0284773558,0.1362068653,0.0237399694,0.8115757704
2953,0.9885132909,0.0226675384,0.2583488524,0.6803914309,0.0612597167,0.0241910573,0.1408030987,0.1584294885,0.6765763760
2954,0.9534200430,0.9601057172,0.1240780056,0.0171090178,0.8588129878,0.4116856158,0.5751926899,0.0054134154,0.0077082333
2955,0.4224693477,0.9372212291,0.0674083978,0.7197250724,0.2128665149,0.0329562053,0.1438606828,0.0734638721,0.7497192621
2956,0.9835719466,0.9391440153,0.2025348991,0.5808038712,0.2166612297,0.0460886173,0.2720434964,0.0141242752,0.6677435637
2957,0.9458122253,0.9690566659,0.2285549492,0.0422497690,0.7291952968,0.2825030684,0.6774735451,0.0129582686,0.0270651467
2958,0.9185000062,0.9404707551,0.3443406820,0.5946445465,0.0610147454,0.0801713616,0.2866881490,0.0671911240,0.5659493208
2959,0.8957189918,0.9139469266,0.1430954188,0.6908208132,0.1660837531,0.0484806821,0.2441301346,0.0298657082,0.6775234342
2960,0.9259077907,0.9556184411,0.0821559504,0.7220456600,0.1957984269,0.0441145375,0.1990331411,0.0213630740,0.7354891896
2961,0.1423878819,0.9173648357,0.0305880252,0.8595498204,0.1098620966,0.0296408385,0.0872087106,0.1014665365,0.7816839218
2962,0.8982023597,0.9403534532,0.0724867508,0.7247381210,0.2027751356,0.0436579436,0.1422146112,0.0245848596,0.7895424962
2963,0.9946934581,0.0289808214,0.1757590622,0.6602867246,0.1639542282,0.0719311237,0.4756933749,0.0976497903,0.3547257483
2964,0.1925717890,0.9428863525,0.0205539297,0.8647687435,0.1146773621,0.0233470481,0.0702479333,0.0657567456,0.8406482935
2966,0.8193141222,0.9296169877,0.1010136828,0.7678371668,0.1311491728,0.0938899145,0.3952604234,0.0863194540,0.4245302081
2967,0.7815627456,0.9083265066,0.0393796340,0.0574823841,0.9031379223,0.9297008514,0.0030023805,0.0158045813,0.0514922440
2968,0.3138175905,0.8278329968,0.0069741621,0.0057118409,0.9873140454,0.9624848366,0.0042660506,0.0052662017,0.0279828589
2969,0.8951869607,0.0065593258,0.7915852666,0.1500997245,0.0583150089,0.0137073537,0.0645819232,0.0283328332,0.8933779597
2970,0.9916337729,0.0164251197,0.2415386885,0.6990745664,0.0593867861,0.0229351837,0.3110873401,0.0897498354,0.5762276649
2971,0.9636921883,0.9395110011,0.2404219061,0.5565328002,0.2030453086,0.0448183008,0.2300309241,0.0184341893,0.7067166567
2972,0.7659786344,0.9504981637,0.0718952939,0.7530708313,0.1750338525,0.0320270099,0.1471991241,0.0260218233,0.7947520614
2973,0.9948874116,0.0230381005,0.0878024027,0.8556956649,0.0565019622,0.0445556454,0.0608417317,0.0414039046,0.8531987071
2974,0.2691102624,0.9334651828,0.0368166417,0.8753688335,0.0878144801,0.0206162501,0.0735656470,0.0784574449,0.8273606300
2975,0.9325861931,0.9564242959,0.0902661756,0.6979629993,0.2117707580,0.0468567982,0.2543102205,0.0205618143,0.6782711744
2976,0.8843055964,0.9548707008,0.1693700403,0.3000492156,0.5305807590,0.1833540499,0.7736771107,0.0151089402,0.0278599598
2977,0.5483919382,0.9039049149,0.0593482330,0.8202204704,0.1204313189,0.0430657975,0.1567000151,0.0411798917,0.7590543032
2978,0.9802535772,0.9551485181,0.2105773091,0.5860459805,0.2033766955,0.0550366044,0.3003818393,0.0143580064,0.6302235126
2979,0.9731025100,0.9453577995,0.3027330041,0.5698170662,0.1274499148,0.0429692604,0.7766727805,0.0717073232,0.1086506397
2980,0.9344506264,0.9252061248,0.1779337674,0.6674419641,0.1546242684,0.0336037017,0.2093809396,0.0322997235,0.7247157097
2981,0.9936859012,0.0157563221,0.4256709516,0.5285896659,0.0457393415,0.0247438457,0.3551084399,0.0657609478,0.5543867946
2982,0.9944136739,0.0250774156,0.0909954086,0.8585168123,0.0504878201,0.0430282839,0.0674093366,0.0424532481,0.8471090794
2983,0.6067736149,0.9237000942,0.0789065883,0.7415881157,0.1795053333,0.0509023219,0.1999655515,0.0436133035,0.7055188417
2984,0.8624714613,0.9589119554,0.2501169145,0.2509128153,0.4989703000,0.2035816759,0.7538932562,0.0200036597,0.0225213934
2985,0.7809526324,0.8552472591,0.0159362387,0.0228045695,0.9612591863,0.9534345269,0.0017367399,0.0086284401,0.0362002365
2986,0.9939071536,0.0280343257,0.2664209306,0.6268606782,0.1067183912,0.0498993434,0.5080276728,0.0772864893,0.3647865355
2987,0.9819470644,0.0347245708,0.0995360985,0.8558579087,0.0446059965,0.0424343348,0.0764140263,0.0239653122,0.8571863174
2988,0.8449102044,0.9577544332,0.2257242948,0.2991015315,0.4751741886,0.2079156786,0.7374814153,0.0237883199,0.0308144800
2989,0.9725052118,0.0489209034,0.0987612233,0.8424220681,0.0588167608,0.0430779383,0.0838079751,0.0573848784,0.8157292604
2990,0.9534877539,0.8132211566,0.2494652271,0.3598736227,0.3906610906,0.0873526633,0.7805305123,0.0464777052,0.0856391713
2991,0.4896966517,0.9416771531,0.0466777645,0.7655605078,0.1877616793,0.0313354507,0.1198390052,0.0611868836,0.7876386642
2992,0.8910506368,0.9455698729,0.1310177594,0.7148017883,0.1541804224,0.0611368828,0.4206471443,0.0253790244,0.4928369820
2993,0.2037087232,0.9388117790,0.0234928746,0.8541204929,0.1223865598,0.0270162560,0.0807127133,0.0700840428,0.8221869469
2994,0.6103234291,0.9218766093,0.0411628596,0.1736196578,0.7852174640,0.5726931691,0.3600525856,0.0142749920,0.0529792495
2995,0.5901462436,0.9418181777,0.0893404707,0.7380593419,0.1726002246,0.0518451892,0.3222289681,0.0315869935,0.5943388939
2996,0.2101588994,0.9261879325,0.0296935998,0.8493423462,0.1209640205,0.0297143832,0.0875844434,0.0961232036,0.7865779400
2997,0.5813095570,0.9511594176,0.0394463837,0.7949650288,0.1655886024,0.0376346819,0.1568778902,0.0246277265,0.7808597088
2998,0.5533643365,0.9402008057,0.0719250888,0.8012238741,0.1268510669,0.0490498766,0.2926367819,0.0316087790,0.6267045140
2999,0.0766005889,0.9240806103,0.0255711898,0.8763706088,0.0980581716,0.0248357393,0.0822377875,0.1022956967,0.7906308174
3000,0.9451829195,0.0502987020,0.1096382961,0.8543237448,0.0360379331,0.0386484601,0.0948455408,0.0445972122,0.8219087720
3001,0.8800798059,0.9305287600,0.1541744918,0.6610082388,0.1848172992,0.0505347215,0.3041079938,0.0246764291,0.6206808090
3002,0.9140182137,0.9385368824,0.2371342331,0.3433290124,0.4195367992,0.1902686954,0.7707059383,0.0203636307,0.0186617505
3003,0.8256694674,0.9299189448,0.0908661038,0.6930738688,0.2160600126,0.0465119630,0.2462235689,0.0453685485,0.6618959904
3004,0.9026148319,0.9548906088,0.1069202647,0.6886288524,0.2044508904,0.0412114561,0.2115659714,0.0219300073,0.7252926230
3005,0.9826490879,0.9642972350,0.1952196658,0.5781446695,0.2266356647,0.0443921685,0.2246102542,0.0144832237,0.7165143490
3006,0.8953417540,0.9407080412,0.1168288812,0.7047318220,0.1784393042,0.0636607558,0.3105117977,0.0227803309,0.6030470729
3007,0.7990977168,0.8653724194,0.1300731748,0.1953972876,0.6745294929,0.1386441588,0.8509627581,0.0061032190,0.0042897863
3008,0.8105000854,0.9229024053,0.1342623532,0.7380158901,0.1277217418,0.0821342543,0.2579495907,0.0960628167,0.5638533235
3009,0.8496303558,0.9642154574,0.2196065933,0.1936202347,0.5867731571,0.2657518685,0.6927636266,0.0203962475,0.0210883170
3010,0.9810776114,0.0283829197,0.1022048742,0.8517711163,0.0460240729,0.0433001630,0.0736421123,0.0250289962,0.8580287099
3011,0.9619789124,0.9583808780,0.2056772411,0.6280367970,0.1662860066,0.0616799966,0.4940919280,0.0163014121,0.4279266894
3012,0.5056195855,0.9447180629,0.0456608832,0.7660718560,0.1882672310,0.0262398981,0.0954901353,0.0622079298,0.8160620928
3013,0.5971887112,0.9350773692,0.1106684580,0.7530034781,0.1363280118,0.0463046692,0.3658984900,0.0300991647,0.5576977134
3014,0.5016801357,0.8443878293,0.0113176815,0.0111046107,0.9775776863,0.9503016472,0.0075156186,0.0095169246,0.0326658078
3015,0.8999865651,0.9450750351,0.1576915532,0.6197925210,0.2225158960,0.0420860387,0.2280549556,0.0325524770,0.6973064542
3016,0.8608739376,0.9399123788,0.0605719797,0.7517818809,0.1876461655,0.0432862192,0.1228361055,0.0237942804,0.8100833297
3017,0.9677177668,0.8844146132,0.2675718367,0.5434878469,0.1889403313,0.0560857989,0.8849033117,0.0323615000,0.0266493540
3018,0.8620908856,0.9305031896,0.1304015070,0.6837362051,0.1858623028,0.0763291642,0.3784059286,0.0258824565,0.5193824172
3019,0.9121960998,0.9634448290,0.0602061450,0.7710106373,0.1687832773,0.0245146938,0.0909473225,0.0165453795,0.8679926395
3020,0.9894371033,0.9583554864,0.1789251864,0.5464735031,0.2746013403,0.0117391832,0.0630037412,0.0238532797,0.9014037848
3021,0.5776159763,0.9314189553,0.0388008617,0.8536322117,0.1075669751,0.0482272319,0.1951429695,0.0328691155,0.7237607837
3022,0.9541536570,0.9487625957,0.1743506938,0.6071886420,0.2184606493,0.0370070301,0.1874678880,0.0232127625,0.7523123026
3023,0.5210158825,0.8968600035,0.0532872826,0.8249278665,0.1217848286,0.0386141352,0.1312998384,0.0427812040,0.7873047590
3024,0.8665813804,0.9239779115,0.2850655615,0.2596356869,0.4552987814,0.2450445294,0.6661106944,0.0337245427,0.0551202036
3025,0.9847536087,0.0378125049,0.2747132480,0.6167129874,0.1085736975,0.0529034771,0.5838682652,0.0755500868,0.2876782119
3026,0.6201002598,0.9381423593,0.1235809550,0.0491690673,0.8272499442,0.7526569366,0.0186152384,0.0704802647,0.1582474858
3027,0.8301232457,0.9091309905,0.0840191692,0.7841339111,0.1318469346,0.0537504628,0.2246242017,0.0274310000,0.6941943169
3028,0.8194703460,0.9331542850,0.1430951804,0.6882967353,0.1686081141,0.0297227912,0.9464833140,0.0182161517,0.0055776895
3029,0.9523786306,0.8955012560,0.3498084843,0.4752607942,0.1749306321,0.0755445436,0.7555657625,0.0653397664,0.1035498753
3030,0.9849966764,0.8735764027,0.1204945222,0.2829101384,0.5965952873,0.0402435958,0.0495297834,0.0246062726,0.8856202960
3031,0.6817765832,0.9155174494,0.0502173267,0.8279393911,0.1218432635,0.0400353447,0.1485204697,0.0298060849,0.7816380858
3032,0.9656318426,0.9390600324,0.1376650035,0.6770387888,0.1852962077,0.0407255180,0.2107143551,0.0175080746,0.7310520411
3033,0.9161922932,0.9517690539,0.0998957828,0.6927738190,0.2073304355,0.0298405737,0.1098626480,0.0227663368,0.8375303745
3034,0.3476663530,0.9286431074,0.0540415719,0.8368592858,0.1090991795,0.0428240895,0.2261965275,0.0388190821,0.6921602488
3035,0.9181032181,0.4158149660,0.2233678997,0.5673006773,0.2093314379,0.0815082639,0.2439671308,0.0727514327,0.6017732024
3036,0.8486014605,0.9301256537,0.0794998631,0.7153834701,0.2051167190,0.0260251947,0.0816793889,0.0314189084,0.8608764410
3037,0.8837735653,0.8642421961,0.2581888437,0.5963546038,0.1454565376,0.0722892731,0.3376098275,0.1001294181,0.4899714291
3038,0.7280300260,0.9406111240,0.0683115646,0.7766832709,0.1550052017,0.0468925163,0.2246411145,0.0285488181,0.6999175549
3039,0.9605230689,0.0367630422,0.1101445407,0.8560172915,0.0338381752,0.0346091650,0.0967466012,0.0268944576,0.8417497873
3040,0.7543654442,0.8566815853,0.2991762757,0.3810626864,0.3197610080,0.1335511208,0.1365585029,0.0561580285,0.6737323403
3041,0.5607626438,0.9454534054,0.0996628702,0.0512988679,0.8490383029,0.8373990655,0.0187171884,0.0608515665,0.0830321535
3042,0.9484830499,0.9392380118,0.3718141019,0.4839315414,0.1442543268,0.1293950230,0.2957584262,0.1279621124,0.4468843937
3043,0.1601559669,0.9124693274,0.0300138164,0.8311058283,0.1388803869,0.0275379289,0.0728045553,0.1064584479,0.7931990027
3044,0.6366204023,0.9241936207,0.0880580023,0.7329561114,0.1789858490,0.0457689539,0.1891499311,0.0438082255,0.7212728262
3045,0.8421834707,0.9246566296,0.1070794761,0.7549237013,0.1379968524,0.0628387257,0.2749169171,0.0634678900,0.5987764001
3046,0.7254996300,0.8036488295,0.2113233954,0.5047687888,0.2839078307,0.0975096002,0.2054924816,0.0455999896,0.6513980031
3047,0.8741946816,0.9448052049,0.1042693779,0.6925224662,0.2032081187,0.0339201391,0.1282875836,0.0270380639,0.8107541203
3048,0.9187616706,0.9569781423,0.0694240853,0.7139858603,0.2165900469,0.0253836047,0.0748213232,0.0200387184,0.8797563910
3049,0.7886101007,0.9154765010,0.1387854964,0.6657543778,0.1954601556,0.0351992287,0.9318592548,0.0243323911,0.0086091533
3050,0.9043241739,0.8966595531,0.1523087025,0.2887424231,0.5589489341,0.1320276111,0.8383822441,0.0147083700,0.0148818474
3051,0.5308948755,0.9005218744,0.1124606505,0.6894192696,0.1981200576,0.0605378486,0.2287704349,0.0428664722,0.6678252816
3052,0.9949802756,0.0179094002,0.3305344582,0.6184349060,0.0510305911,0.0278228018,0.3096954823,0.0692090914,0.5932726860
3053,0.7170131207,0.9612036943,0.0986876637,0.6180143356,0.2832980156,0.0324927084,0.1830196232,0.0487897992,0.7356979251
3054,0.9905638695,0.9793398380,0.3480915725,0.5795427561,0.0723656490,0.0140035199,0.9290919900,0.0284091923,0.0284952614
3055,0.6615140438,0.9169576168,0.0529324524,0.8206123710,0.1264552325,0.0467561595,0.1675771177,0.0306848362,0.7549819350
3056,0.9838172197,0.9692951441,0.7161359787,0.1412782818,0.1425857693,0.0375740081,0.0557605810,0.0174897015,0.8891757131
3057,0.2373090237,0.9263972044,0.0209711436,0.8619654179,0.1170634255,0.0344204679,0.1099701598,0.0538201183,0.8017892838
3058,0.3354055583,0.9452275634,0.0258257091,0.7910898924,0.1830843687,0.0266622249,0.0767855942,0.0496404134,0.8469117880
3059,0.8077461123,0.9333937764,0.0857384056,0.7264562845,0.1878053248,0.0468670838,0.2958694100,0.0586842149,0.5985792875
3060,0.8369840980,0.9683248401,0.3775784075,0.2776349187,0.3447867334,0.3339818716,0.0584191680,0.0701664463,0.5374324918
3061,0.9587281942,0.9413831830,0.4171802402,0.4370677471,0.1457520723,0.0391707122,0.8939817548,0.0101186829,0.0567288511
3062,0.7030459046,0.9094045162,0.0706631243,0.7779611349,0.1513757110,0.0696950629,0.2675942481,0.0327005461,0.6300100684
3063,0.9917815328,0.7878512144,0.4733847678,0.1815681309,0.3450470567,0.1058642939,0.7832564712,0.0316875391,0.0791916400
3064,0.9799426794,0.9425590634,0.1886370033,0.6765356660,0.1348273456,0.0359341651,0.2801218927,0.0155529147,0.6683909893
3065,0.8347059488,0.5774247050,0.2561437488,0.5075899959,0.2362662554,0.0872545019,0.2224682719,0.0581023805,0.6321748495
3066,0.5544724464,0.9386219382,0.0747342631,0.7902623415,0.1350034177,0.0525081493,0.3066792190,0.0349526145,0.6058600545
3067,0.9937323928,0.9581626654,0.2474706620,0.5313344002,0.2211948782,0.0313612446,0.2611117065,0.0220310446,0.6854959726
3068,0.8450943828,0.9480096102,0.1131922230,0.8328656554,0.0539420582,0.0833926275,0.7679643035,0.0752896890,0.0733534470
3069,0.2686049640,0.9253701568,0.0341874696,0.8483333588,0.1174791977,0.0303488467,0.0903760344,0.0616313294,0.8176437616
3070,0.9471904039,0.0791633204,0.1329460293,0.7995526195,0.0675013512,0.0558517091,0.1045802385,0.0436504856,0.7959175706
3071,0.9943262935,0.0329262242,0.4112424850,0.5009241104,0.0878334716,0.0489101447,0.2778677940,0.0979596674,0.5752623677
3072,0.7199786901,0.9252086878,0.0674069673,0.7510475516,0.1815455109,0.0471448228,0.2261365950,0.0491102934,0.6776083112
3073,0.9366620779,0.9351176023,0.6009595394,0.1011596248,0.2978808284,0.0820488334,0.1035059839,0.0395425223,0.7749027014
3074,0.9966810346,0.0185152479,0.3758138120,0.5810382366,0.0431479439,0.0254855864,0.2986870408,0.0672016218,0.6086257100
3075,0.9321939945,0.9566239715,0.1081376672,0.7052061558,0.1866561919,0.0521916039,0.2416136563,0.0167547967,0.6894399524
3076,0.8911978006,0.9060580730,0.0485868379,0.4621096849,0.4893034101,0.0450105593,0.9483448267,0.0047471784,0.0018974910
3077,0.9440091848,0.9601981640,0.1006792635,0.6860493422,0.2132714242,0.0319561958,0.1265517473,0.0181926712,0.8232994676
3078,0.7198683023,0.9297739267,0.0561647974,0.7849191427,0.1589160562,0.0235581994,0.0792319328,0.0489485934,0.8482612371
3079,0.6474889517,0.9429724813,0.0754648671,0.8055394888,0.1189956814,0.0489643179,0.3176643252,0.0272943955,0.6060769558
3080,0.7206956744,0.7975613475,0.2200738788,0.4907260239,0.2892001569,0.0999685898,0.2050992548,0.0486699268,0.6462621689
3081,0.7924218774,0.8266202807,0.2354869992,0.4958715141,0.2686414421,0.1016622633,0.2377396673,0.0412630588,0.6193349957
3082,0.5675711632,0.9453758001,0.0464791283,0.7679954767,0.1855253875,0.0274411645,0.0981485993,0.0534155257,0.8209946156
3083,0.2653531134,0.9260919094,0.0377501994,0.8763260841,0.0859236866,0.0207994711,0.0734867379,0.0846755505,0.8210382462
3084,0.7946007252,0.9755647182,0.4458579719,0.2807916999,0.2733503282,0.1726095527,0.0316090994,0.0477872565,0.7479940653
3085,0.8980002999,0.9458441734,0.0907926708,0.6887540221,0.2204532772,0.0317182951,0.1160965040,0.0234367419,0.8287484646
3086,0.8813299537,0.9443320036,0.1304556727,0.6613350511,0.2082092762,0.0387792550,0.2776893377,0.0246508252,0.6588805318
3087,0.9889455438,0.0185357966,0.0561704226,0.8863878250,0.0574417375,0.0363595709,0.0455614738,0.0235666428,0.8945123553
3088,0.8781043291,0.9322043061,0.1823308617,0.6731644273,0.1445047259,0.0696300492,0.4402929842,0.0181273315,0.4719496071
3089,0.9823746085,0.0295625087,0.2040286511,0.7061099410,0.0898614228,0.0290253144,0.1001792029,0.0971900597,0.7736054063
3090,0.7752788663,0.9623472691,0.1122381613,0.5889741182,0.2987877131,0.0395590514,0.2375323921,0.0403778665,0.6825306416
3091,0.9295608401,0.9490524530,0.1111318767,0.4320531785,0.4568150043,0.1930667758,0.6682512164,0.0302182063,0.1084638610
3092,0.2411504984,0.9258771539,0.0338950455,0.8452599049,0.1208450422,0.0303269699,0.1011213064,0.0811425820,0.7874091268
3093,0.9727211595,0.9395643473,0.3131620884,0.5086447597,0.1781931221,0.0350543037,0.3801036179,0.0314763784,0.5533657074
3094,0.8874242306,0.9266203642,0.1443030238,0.4337373972,0.4219595194,0.3301992118,0.4380705655,0.0980315134,0.1336987168
3095,0.3331141174,0.9334607124,0.0422454998,0.8628628850,0.0948916078,0.0247767959,0.0973085910,0.0810407847,0.7968737483
3096,0.8986728787,0.9434876442,0.3098976612,0.3543173075,0.3357850015,0.2123414874,0.6366477013,0.0329886973,0.1180220842
3097,0.9842202663,0.9583296180,0.1902874708,0.5931893587,0.2165231705,0.0355217271,0.1878762394,0.0150782093,0.7615238428
3098,0.9947267175,0.0134147927,0.3392361999,0.6274889708,0.0332748592,0.0184572265,0.2867338657,0.0731041282,0.6217048168
3099,0.8988909721,0.9409922361,0.1529049426,0.6238869429,0.2232081443,0.0368619673,0.1841322035,0.0404910520,0.7385147810
3100,0.8951873183,0.9609737396,0.0470106490,0.7959468961,0.1570424587,0.0748790354,0.8224496245,0.0466982611,0.0559730195
3101,0.8836702108,0.9309675694,0.1770575941,0.7209713459,0.1019711345,0.0305353757,0.9188961983,0.0328790806,0.0176893249
3102,0.5893259645,0.9344438314,0.0667547286,0.8000746369,0.1331706196,0.0388810411,0.1897889823,0.0422603711,0.7290696502
3103,0.5859929323,0.9554325342,0.0406962149,0.7529535890,0.2063502073,0.0322595201,0.1229626536,0.0312385932,0.8135392070
3104,0.9119418859,0.9158378839,0.4412553012,0.4658867121,0.0928580165,0.0534238704,0.7383685708,0.0486741960,0.1595334411
3105,0.7794946432,0.9154303074,0.0631409883,0.8178406358,0.1190183535,0.0559412725,0.2276002467,0.0303727724,0.6860857010
3106,0.8942060471,0.9414815307,0.1384555548,0.7298330665,0.1317113340,0.0556593984,0.5204542279,0.0216336418,0.4022527635
3108,0.9321721792,0.9319037199,0.1828368753,0.4795098007,0.3376533687,0.1733348817,0.6235738397,0.0444974229,0.1585939229
3109,0.9653764963,0.1511336565,0.2796514332,0.5963017941,0.1240467876,0.0569571070,0.2771105468,0.0773728043,0.5885595679
3110,0.7122260928,0.8895134330,0.1508052349,0.6126362681,0.2365584671,0.0594521761,0.2038226575,0.0437303968,0.6929947734
3111,0.7354149818,0.8307799697,0.1796416491,0.5151351690,0.3052231967,0.0829596445,0.1672902852,0.0481422916,0.7016077638
3112,0.4914949536,0.9013274908,0.0508041382,0.8403564692,0.1088394374,0.0380802676,0.1432729214,0.0448743850,0.7737724781
3113,0.9059576392,0.9523153901,0.0838170573,0.6926063299,0.2235766649,0.0287996884,0.0979987383,0.0224485826,0.8507529497
3114,0.8758186698,0.9323449731,0.1264440566,0.6533648968,0.2201911062,0.0442795604,0.1913279891,0.0315333828,0.7328591347
3115,0.9502633214,0.9620735645,0.1833926290,0.5264570117,0.2901503444,0.1814200133,0.6710091829,0.0459099151,0.1016608328
3116,0.5257773399,0.9671533108,0.1215755269,0.1653238237,0.7131006718,0.7356147170,0.0157784261,0.1073140129,0.1412928700
3117,0.9655281305,0.0474583879,0.1237129420,0.8284552097,0.0478318520,0.0374993756,0.0988038629,0.0317755938,0.8319211602
3118,0.8999694586,0.9503611922,0.0986871570,0.7173909545,0.1839219034,0.0428401195,0.1865731478,0.0180698112,0.7525169253
3119,0.8812288046,0.9607111812,0.0514719635,0.5136232972,0.4349047244,0.2786711156,0.6563766003,0.0420730412,0.0228792690
3120,0.4582164884,0.9037660360,0.0456405655,0.8478501439,0.1065092608,0.0359897651,0.1345216930,0.0404781029,0.7890104055
3121,0.9849537611,0.9323796034,0.2508886158,0.5807113051,0.1684000939,0.0359198228,0.2375786155,0.0162331592,0.7102683783
3122,0.8205461502,0.9514569640,0.3882319033,0.0599652044,0.5518028736,0.3760249019,0.1947352141,0.0209878907,0.4082519710
3123,0.8856227398,0.9549089670,0.2039560974,0.4065559804,0.3894879520,0.1223582625,0.8520398140,0.0138089955,0.0117929159
3124,0.9203329086,0.9607428312,0.3048466742,0.2173005342,0.4778527617,0.2079835236,0.7389270663,0.0205591936,0.0325302333
3125,0.8454172015,0.9475837946,0.1368811578,0.6659712195,0.1971476525,0.0530908331,0.5218243599,0.0421936959,0.3828911483
3126,0.8723414540,0.9311874509,0.1418311745,0.6547300220,0.2034387887,0.0472606570,0.2397245467,0.0280490480,0.6849657297
3127,0.8521360755,0.9584749341,0.3264134228,0.2547347546,0.4188517630,0.3133371174,0.4652843475,0.0448541678,0.1765244156
3128,0.9162624478,0.9579915404,0.1542520970,0.4981299639,0.3476179242,0.2033700198,0.6383858919,0.0453623310,0.1128817722
3129,0.6651951075,0.9666938782,0.2899242938,0.2235290557,0.4865466952,0.4174108803,0.0499841459,0.0983480066,0.4342570603
3130,0.9926476479,0.9477206469,0.3191553652,0.3767209053,0.3041236997,0.0439607240,0.5796346068,0.0320699923,0.3443346322
3131,0.8683644533,0.9502859116,0.0612027235,0.7654195428,0.1733777374,0.0372739099,0.1301787347,0.0202885345,0.8122587800
3132,0.8453723788,0.9598858953,0.0652376562,0.7417244315,0.1930379570,0.0333224982,0.1793582290,0.0195310488,0.7677882314
3133,0.2301753312,0.8619106412,0.0283797961,0.0184494089,0.9531708360,0.9400408864,0.0085537592,0.0138286799,0.0375767574
3134,0.9890587926,0.9510922432,0.2999138832,0.4571975172,0.2428885847,0.0350078754,0.1861163676,0.0147120273,0.7641637325
3135,0.9198487997,0.9605087638,0.1006976515,0.4430054724,0.4562969208,0.2206492275,0.6940432191,0.0293348860,0.0559726208
3136,0.9097471237,0.9542973638,0.0557700507,0.7589879036,0.1852421016,0.0395670980,0.1476685107,0.0215039290,0.7912604809
3137,0.9764074087,0.9340425134,0.4433663785,0.3706622422,0.1859713644,0.0409246869,0.8873501420,0.0089797042,0.0627454221
3138,0.8575663567,0.9705486298,0.6135007739,0.2152950019,0.1712042391,0.1615447700,0.0297129992,0.0321690291,0.7765732408
3139,0.9622822404,0.9417634010,0.2743838429,0.1956336647,0.5299824476,0.1274336576,0.8494966030,0.0155376391,0.0075320671
3140,0.8872277737,0.9373660684,0.0956721902,0.7070418000,0.1972860545,0.0312805288,0.1063717157,0.0218836609,0.8404640555
3141,0.8654077053,0.9274451733,0.0988600105,0.7346338630,0.1665060818,0.0844221786,0.4345081747,0.0645153150,0.4165543914
3142,0.9366918206,0.9466871619,0.2118051052,0.7429999709,0.0451949649,0.0449002832,0.2338223755,0.1212022081,0.6000750661
3143,0.8107928038,0.9337661862,0.1322567761,0.6703561544,0.1973870248,0.0545824133,0.4431084991,0.0533778705,0.4489312470
3144,0.9833422899,0.0098693054,0.2329404801,0.5017113686,0.2653481960,0.1209739670,0.4872522652,0.1162336469,0.2755401433
3145,0.8914706707,0.9452691078,0.0700641647,0.7481890321,0.1817467958,0.0351449363,0.1111442074,0.0225689970,0.8311418891
3146,0.8574545383,0.9613324404,0.0503464304,0.7578464746,0.1918071061,0.0269931667,0.0944195613,0.0194936357,0.8590936661
3147,0.8424842358,0.9397673011,0.0702039599,0.7309520245,0.1988440007,0.0397034101,0.1213931069,0.0230091847,0.8158942461
3148,0.9706662893,0.9260141850,0.2057036459,0.6198032498,0.1744930893,0.0431445874,0.2938278317,0.0234588794,0.6395686269
3149,0.9829002023,0.9737816453,0.3806340694,0.4650883079,0.1542776525,0.0259947013,0.9333624244,0.0231715143,0.0174713284
3150,0.9981277585,0.9391714334,0.3723810911,0.4429808557,0.1846379787,0.0251463205,0.2578347325,0.0106432801,0.7063756585
3151,0.9269110560,0.9522966743,0.0976322740,0.6646793485,0.2376883626,0.0312636830,0.1162602827,0.0223535579,0.8301225305
3152,0.9921792746,0.0113695860,0.1763353497,0.7394364476,0.0842281878,0.0348840319,0.3036373854,0.0778799132,0.5835986733
3153,0.8299138546,0.9468172789,0.0849778354,0.6824713945,0.2325508147,0.0404108912,0.1748672128,0.0285391640,0.7561827302
3154,0.6941116452,0.9454095960,0.0763963684,0.8009585738,0.1226450428,0.0512346625,0.3154819012,0.0243002009,0.6089832187
3155,0.5203929543,0.9397527575,0.0835903063,0.7383985519,0.1780111641,0.0353464857,0.1993084401,0.0767240897,0.6886209249
3156,0.6574779153,0.9478728175,0.0504667945,0.8015571237,0.1479760855,0.0421112701,0.2025112212,0.0263444819,0.7290330529
3157,0.9928104281,0.9428089857,0.2138410360,0.5396198630,0.2465391010,0.0235000476,0.1645799875,0.0141533837,0.7977665663
3158,0.8276169896,0.9545266032,0.0705576316,0.7115477920,0.2178945988,0.0283781663,0.1191932932,0.0296408962,0.8227876425
3159,0.7799651623,0.9183479548,0.1052052006,0.7033976912,0.1913971752,0.0189827979,0.0587179288,0.0599474162,0.8623518944
3160,0.6886339188,0.8993400931,0.0168342162,0.0212492347,0.9619164467,0.9472085834,0.0020272005,0.0089707701,0.0417934954
3161,0.9865525365,0.9430782795,0.3248233199,0.4967417419,0.1784349382,0.0349584073,0.3953840137,0.0267082844,0.5429492593
3162,0.8090125322,0.9138817191,0.0960348696,0.6788315773,0.2251335233,0.0552483238,0.2533831000,0.0442354754,0.6471331120
3163,0.8446775079,0.9646992683,0.1142640337,0.5876647234,0.2980712652,0.0307762381,0.1750815064,0.0419605449,0.7521816492
3164,0.6586035490,0.9701186419,0.2965663373,0.2170680910,0.4863655865,0.4294045269,0.0586263165,0.0944922641,0.4174769223
3165,0.8183420300,0.9325201511,0.0908475593,0.6701567173,0.2389956415,0.0346287861,0.1354621649,0.0392559208,0.7906531096
3166,0.9552153945,0.9634864330,0.3688036203,0.3234933615,0.3077030182,0.0895895436,0.1173053384,0.0352698714,0.7578352690
3167,0.6871677637,0.9295301437,0.0484876111,0.8213914633,0.1301209331,0.0512023643,0.2123943865,0.0279389471,0.7084643245
3168,0.9603240490,0.9320464134,0.1421188265,0.6673092246,0.1905720085,0.0323806182,0.1676643342,0.0176513232,0.7823037505
3169,0.6865226030,0.9414641261,0.0997574925,0.6743458509,0.2258966714,0.0310146939,0.1197335869,0.0381923355,0.8110594153
3170,0.9719904661,0.0360305905,0.0958708748,0.8489364982,0.0551926643,0.0487695299,0.0857936814,0.0328843519,0.8325523734
3171,0.9869482517,0.0198412575,0.3359655142,0.5407519937,0.1232824922,0.0559241772,0.5430081487,0.0767635182,0.3243040740
3172,0.8248766661,0.9269762635,0.0993846208,0.7017518282,0.1988636106,0.0589340553,0.2252137512,0.0284306463,0.6874215603
3173,0.8726872802,0.9492945075,0.0914895386,0.7130964994,0.1954138726,0.0495341346,0.2469832003,0.0185961127,0.6848865747
3174,0.7295120358,0.9216840863,0.0477841049,0.8543947935,0.0978211313,0.0435757339,0.1886874288,0.0345332325,0.7332035303
3175,0.9966596365,0.0250122715,0.1035290435,0.7906075120,0.1058635265,0.0410778150,0.4053329527,0.1202286035,0.4333606064
3176,0.7736195922,0.9481766820,0.0659186691,0.7563929558,0.1776883602,0.0303445663,0.1368409544,0.0255710687,0.8072434068
3177,0.9101974368,0.9519362450,0.0959357992,0.6907280087,0.2133361548,0.0349915624,0.1362640709,0.0243319441,0.8044124246
3178,0.9524869919,0.9548941851,0.1657237411,0.6875712276,0.1467050016,0.0520894453,0.2832508385,0.0160207953,0.6486389637
3179,0.3118893802,0.9784724712,0.0689003915,0.0633499771,0.8677495718,0.8819696903,0.0059335139,0.0343157277,0.0777810737
3180,0.5307968259,0.9363917112,0.0947445557,0.7577428818,0.1475125700,0.0514106117,0.3588004410,0.0358657204,0.5539232492
3181,0.9298717976,0.9531447887,0.1012099832,0.6977097988,0.2010801882,0.0491867363,0.2859706283,0.0194094386,0.6454331875
3182,0.8685570359,0.9522498846,0.0658114254,0.7424354553,0.1917531192,0.0336722359,0.1141828150,0.0203831680,0.8317617178
3183,0.7720145583,0.9724619985,0.5533633232,0.1921738237,0.2544628978,0.2500589788,0.0257659368,0.0998345912,0.6243404746
3184,0.4415103495,0.9374774098,0.0412394553,0.8202884793,0.1384720206,0.0352412127,0.1511879265,0.0356715545,0.7778992653
3185,0.9478113055,0.9093474150,0.1644890308,0.6200751662,0.2154358327,0.0194882397,0.0753007084,0.0227895696,0.8824214339
3186,0.9897717834,0.9534649849,0.6527727842,0.3167759478,0.0304512624,0.0565819815,0.4621718824,0.0600851029,0.4211610258
3187,0.8498967886,0.9483014345,0.1472852379,0.8027831912,0.0499315783,0.0267773066,0.3883682489,0.1528545171,0.4319999218
3188,0.9980893731,0.9463481307,0.3233416677,0.4505145550,0.2261437178,0.0246781409,0.2027229816,0.0105663221,0.7620325089
3189,0.9387730956,0.9269722104,0.1657993048,0.6749812365,0.1592194885,0.0459624119,0.2678850293,0.0221619867,0.6639905572
3190,0.8806735873,0.9614953995,0.2017855346,0.2709023654,0.5273120403,0.2016542256,0.7555236220,0.0201477222,0.0226744153
3191,0.7824823260,0.9609764814,0.0438764170,0.7701480389,0.1859755665,0.0293554012,0.1065103039,0.0216404963,0.8424937725
3192,0.9471999407,0.9510166645,0.1649041325,0.6282545328,0.2068412751,0.0394026302,0.2172411829,0.0226405971,0.7207156420
3193,0.8107858300,0.8963997364,0.4453186393,0.4646655917,0.0900157541,0.1000687554,0.4507599175,0.0761006400,0.3730706871
3194,0.7325715423,0.9416832924,0.1105903015,0.5965758562,0.2928338945,0.0238567460,0.1047364548,0.0661253557,0.8052814603
3195,0.9640622139,0.9533439875,0.2540313005,0.5649948120,0.1809738874,0.0656775385,0.6461999416,0.0147574032,0.2733651698
3196,0.3935990632,0.8779630065,0.0199435726,0.0158891939,0.9641672373,0.9476537108,0.0070942482,0.0106915366,0.0345605426
3197,0.8612572551,0.9489303827,0.0836160630,0.7319639325,0.1844200492,0.0508184433,0.2073549926,0.0213704556,0.7204561234
3198,0.7192457914,0.9381444454,0.1099600941,0.7400534749,0.1499864757,0.0429074652,0.3136941791,0.0394691639,0.6039292216
3199,0.8706569076,0.9382486343,0.2175520658,0.6234440804,0.1590038240,0.0553891100,0.6681860685,0.0290588755,0.2473659813
3200,0.7071390748,0.9472858906,0.0893687904,0.6915540695,0.2190771699,0.0271906257,0.1398388445,0.0412913822,0.7916792035
3201,0.7898843288,0.9188880324,0.0736752599,0.8076872826,0.1186374649,0.0645771772,0.2675130963,0.0678484216,0.6000612974
3202,0.9386363626,0.9395954609,0.1876854450,0.5857101679,0.2266044170,0.0446753800,0.6500229836,0.0317821093,0.2735195160
3203,0.9938135147,0.9696281552,0.5475163460,0.3108098507,0.1416738033,0.0225312840,0.9480141997,0.0160548948,0.0133995721
3204,0.9073213935,0.9730620384,0.0471153334,0.4384281933,0.5144564509,0.1984880716,0.7764666080,0.0165215805,0.0085237185
3205,0.7974871397,0.9074208140,0.1570690870,0.6504509449,0.1924799532,0.0355162844,0.9292086959,0.0237951372,0.0114798816
3206,0.8254563808,0.9204104543,0.1633656621,0.7050057054,0.1316285729,0.0673339963,0.4103249907,0.0206571110,0.5016838908
3207,0.5087935925,0.9316317439,0.0775202438,0.7748465538,0.1476331651,0.0390423425,0.2009471059,0.0468295254,0.7131809592
3208,0.0838166475,0.9325309396,0.0237961058,0.8858255744,0.0903783068,0.0235845894,0.0787680522,0.1103880629,0.7872592807
3209,0.8181343675,0.9379749298,0.0748954043,0.6818343401,0.2432702184,0.0280216355,0.0993507430,0.0367801972,0.8358473778
3210,0.6311076880,0.9356684089,0.0974905789,0.7344616055,0.1680477858,0.0543249510,0.2954351306,0.0348365381,0.6154033542
3211,0.7468157411,0.7662984729,0.2486803979,0.4831050932,0.2682144344,0.0998712108,0.1887953728,0.0640376210,0.6472957730
3212,0.9296858907,0.9323122501,0.1451904476,0.6314497590,0.2233597487,0.0211993810,0.0869180188,0.0545157082,0.8373668790
3213,0.9584794044,0.9564319253,0.1119007990,0.6738047004,0.2142944932,0.0449128449,0.2714528143,0.0187178217,0.6649165154
3214,0.5954915881,0.9336684942,0.0542831421,0.8365460634,0.1091707870,0.0412145853,0.1953248382,0.0410363190,0.7224242091
3215,0.7692527175,0.8842874169,0.3652039766,0.5388529301,0.0959430933,0.0947023183,0.4397929907,0.0665087104,0.3989959657
3216,0.9168148041,0.9718598127,0.0563142262,0.5366749167,0.4070108235,0.1983140558,0.7468341589,0.0376625694,0.0171892010
3217,0.7905732393,0.9409762025,0.0595132746,0.6544377804,0.2860489488,0.0288325399,0.0855855197,0.0385769270,0.8470050097
3218,0.9504010081,0.9519346356,0.1450967342,0.6261136532,0.2287896276,0.0390826017,0.1762470603,0.0191084091,0.7655619383
3219,0.9055725336,0.9633646011,0.0343547426,0.7023173571,0.2633278966,0.1180803254,0.8489179015,0.0241113473,0.0088904640
3220,0.9051729441,0.9490305185,0.0686190054,0.7406066656,0.1907743216,0.0423840731,0.1482099891,0.0209832117,0.7884227037
3221,0.8942915201,0.9578039646,0.0553157628,0.6439780593,0.3007062078,0.1102610454,0.8640809059,0.0167304687,0.0089276042
3222,0.9929013848,0.0197058581,0.0712047592,0.8864589334,0.0423362479,0.0216547679,0.0327454768,0.0158603210,0.9297394753
3223,0.9911086559,0.9241929054,0.3021602929,0.5353513956,0.1624883413,0.0511250719,0.3611941636,0.0120202247,0.5756605864
3224,0.9049902558,0.9422479272,0.1489485353,0.7015072107,0.1495442986,0.0623514093,0.4911428094,0.0227440242,0.4237617850
3225,0.9489247799,0.9392230511,0.2004944235,0.6307638288,0.1687417477,0.0542806759,0.2795850337,0.0189220142,0.6472123265
3226,0.9524489045,0.9070196748,0.1468061656,0.7242922187,0.1289016455,0.0404659174,0.9021596313,0.0356808342,0.0216936227
3227,0.6634891033,0.9122572541,0.1069323570,0.7219718099,0.1710957885,0.0520266332,0.2144546509,0.0383951776,0.6951235533
3228,0.8924154639,0.9398475885,0.1425250173,0.6810345650,0.1764403582,0.0516988821,0.2924004197,0.0206384826,0.6352621913
3229,0.8027686477,0.9709260464,0.5953039527,0.2374551892,0.1672408134,0.1806210577,0.0249205492,0.0891112536,0.7053471804
3230,0.9776560664,0.0693431795,0.2015400529,0.6992814541,0.0991785526,0.0319661126,0.1359169483,0.1027812064,0.7293357253
3231,0.6061985493,0.9436128736,0.0573889874,0.7999005318,0.1427105069,0.0348506719,0.1634337902,0.0429215357,0.7587940097
3232,0.9501283169,0.9324988127,0.2632760108,0.5248355269,0.2118884623,0.0409942791,0.7814655900,0.0218266044,0.1557134986
3233,0.9321084619,0.9538847804,0.1762308627,0.2840909064,0.5396782160,0.2111710608,0.7215402126,0.0204239320,0.0468647890
3234,0.1059760228,0.9390959740,0.0197113995,0.8515201211,0.1287684888,0.0249867830,0.0712368712,0.0857681707,0.8180082440
3235,0.4809604585,0.8867275715,0.0286966208,0.0213362947,0.9499671459,0.9420466423,0.0092240619,0.0137949735,0.0349342488
3236,0.6478449702,0.9552814364,0.0415074043,0.7739120722,0.1845805198,0.0297082141,0.1146564186,0.0281817056,0.8274536729
3237,0.9874249101,0.0137932627,0.0439810269,0.9112159014,0.0448030755,0.0280602425,0.0314711593,0.0171761047,0.9232925773
3238,0.9938208461,0.0191072747,0.2699736953,0.6229676008,0.1070587113,0.0442966074,0.4350096583,0.0793993473,0.4412943721
3239,0.9754350781,0.9588218927,0.1584036946,0.6134120822,0.2281841934,0.0296244491,0.1535650492,0.0220595896,0.7947508693
3240,0.4869617820,0.9620944262,0.0347507559,0.1020791084,0.8631700873,0.9023569226,0.0144582745,0.0393561609,0.0438285731
3241,0.6351639032,0.9245753884,0.0441690385,0.8360568881,0.1197740361,0.0470476523,0.1868320256,0.0390235484,0.7270967960
3242,0.8546903729,0.9485297203,0.0746445507,0.5626892447,0.3626662493,0.0337912962,0.1135512367,0.0327723473,0.8198851347
3243,0.8940190673,0.9466793537,0.1432763785,0.7104186416,0.1463049054,0.0600997061,0.4940586984,0.0227494948,0.4230920970
3244,0.8863672614,0.9386947155,0.2449293137,0.4492512345,0.3058194518,0.2158260643,0.6245513558,0.0379477441,0.1216748357
3245,0.7358810306,0.8914577961,0.0857347026,0.1845377088,0.7297276258,0.1508374214,0.8407325149,0.0051957159,0.0032342724
3246,0.9812747836,0.9373143315,0.3492671847,0.4919663668,0.1587664634,0.0400372297,0.5304787159,0.0255637318,0.4039203525
3247,0.3061103225,0.9302756190,0.0356600434,0.8422965407,0.1220434159,0.0184237864,0.0696208403,0.0590372980,0.8529180884
3248,0.9713033438,0.1137484983,0.1351709813,0.7622666955,0.1025623679,0.0626009181,0.1011770070,0.0457728356,0.7904492021
3249,0.7522094250,0.9381796718,0.0831981823,0.7428827286,0.1739191413,0.0475035980,0.2290671766,0.0279780943,0.6954512000
3250,0.9076397419,0.9528586268,0.1042692810,0.6954249740,0.2003058195,0.0446559414,0.2043912858,0.0186488032,0.7323039770
3251,0.9901602864,0.9392309785,0.2641757727,0.5375218391,0.1983024031,0.0443571843,0.3200784624,0.0126780113,0.6228863597
3252,0.8109920025,0.9276795387,0.1414214820,0.7332146764,0.1253638417,0.0307576228,0.9210057855,0.0312593170,0.0169773530
3253,0.8413326144,0.9737958908,0.3303839862,0.2572274804,0.4123885036,0.5503664017,0.0716511086,0.0976441503,0.2803383172
3254,0.6910301447,0.9523048997,0.0947244763,0.7364642024,0.1688112915,0.0502321310,0.3252526820,0.0330710411,0.5914441347
3255,0.1165361777,0.9431856275,0.0166459847,0.8452830911,0.1380709112,0.0229987334,0.0620049015,0.0880392641,0.8269571662
3256,0.9718080163,0.0442409292,0.0986028388,0.8473900557,0.0540071055,0.0511524193,0.0855984986,0.0312274229,0.8320216537
3257,0.8895476460,0.9535832405,0.0955848247,0.7177376747,0.1866775006,0.0343666747,0.1766957790,0.0224155933,0.7665219307
3258,0.9493719935,0.0068238610,0.5190831423,0.3664874732,0.1144293621,0.0223007854,0.0799336210,0.0356491655,0.8621164560
3259,0.9140411615,0.9437010884,0.2795070410,0.5996345282,0.1208584383,0.1290040016,0.5144696832,0.1057034284,0.2508228719
3260,0.8952226639,0.9040116668,0.2852100730,0.2920969427,0.4226929545,0.1700070202,0.7242401838,0.0426050127,0.0631478205
3261,0.9270125628,0.9425110221,0.1228251830,0.4513163567,0.4258584380,0.3051340282,0.4165878594,0.1135657206,0.1647124588
3262,0.0988137275,0.9416362643,0.0169405267,0.8649140596,0.1181453466,0.0255810507,0.0714206696,0.0822816938,0.8207166195
3263,0.8845682740,0.9431264400,0.0634185523,0.7395634651,0.1970179528,0.0445460938,0.1377203614,0.0252900794,0.7924435139
3264,0.9702247977,0.0423625261,0.1318499148,0.8287974000,0.0393526889,0.0331411287,0.0923316553,0.0295918733,0.8449353576
3265,0.9700878859,0.0316871814,0.2490008622,0.3459430337,0.4050561786,0.1429788768,0.2914116383,0.0613897815,0.5042197108
3266,0.2230421752,0.9381008148,0.0266675241,0.8487247825,0.1246077418,0.0263706148,0.0764505491,0.0713094696,0.8258693218
3267,0.7999421954,0.9321959019,0.0567255355,0.8191938996,0.1240804866,0.0594141409,0.2531383336,0.0281158593,0.6593316197
3268,0.8200405240,0.9008419514,0.2929796576,0.4038805068,0.3031398356,0.1976445466,0.6168482304,0.0570539348,0.1284533143
3269,0.9100775719,0.9228289127,0.1795798391,0.6362283230,0.1841918379,0.0551563352,0.3550837636,0.0225155670,0.5672443509
3270,0.8514698744,0.9612346292,0.0663309023,0.7315539718,0.2021151632,0.0258263275,0.1101233065,0.0255442038,0.8385061026
3271,0.9492051601,0.9157708883,0.6463460922,0.2573556602,0.0962983072,0.0699687451,0.7898120284,0.0442517325,0.0959674269
3272,0.9883941412,0.0337770842,0.1824305654,0.7227950692,0.0947743356,0.0393836237,0.3102113307,0.0812335014,0.5691714883
3273,0.2085075378,0.9072556496,0.0399906524,0.7957931161,0.1642162651,0.0330048762,0.0802881345,0.1025315151,0.7841755152
3274,0.8600616455,0.9268286228,0.1359655112,0.6620066762,0.2020277977,0.0440243371,0.2063921988,0.0326543264,0.7169290781
3275,0.9331961870,0.9424869418,0.3428913653,0.1932971776,0.4638115168,0.1510794759,0.3001937866,0.0414071940,0.5073195100
3276,0.8770639300,0.9501538277,0.1073644832,0.7545648813,0.1380706280,0.0541910604,0.3949139416,0.0236544274,0.5272405744
3278,0.8004212976,0.9198084474,0.0598602518,0.5274099112,0.4127298594,0.1415342242,0.8139503598,0.0206381921,0.0238772314
3279,0.9858077765,0.0336988643,0.0929402262,0.8438578844,0.0632019266,0.0472280867,0.0789179802,0.0513525158,0.8225014806
3280,0.6912711859,0.9428341985,0.1360276490,0.6915992498,0.1723730564,0.0515090972,0.4390373528,0.0329772495,0.4764762223
3281,0.9164754748,0.9424371123,0.1780336648,0.6085280776,0.2134382576,0.0436357073,0.2459473461,0.0313968621,0.6790200472
3282,0.4668354392,0.8414752483,0.0075526536,0.0075212647,0.9849260449,0.9630786777,0.0047931559,0.0063565890,0.0257716011
3283,0.8611869216,0.9030674696,0.2987661064,0.4601657391,0.2410681546,0.1536650807,0.4544303119,0.0586780012,0.3332265615
3284,0.8016081452,0.9678980708,0.5558882952,0.2096579522,0.2344537824,0.2422910035,0.0296869911,0.0966856331,0.6313363910
3285,0.9310243726,0.9369662404,0.3132316172,0.2105269432,0.4762414396,0.1815307885,0.7639482021,0.0348801464,0.0196408872
3286,0.6725994945,0.9215638638,0.0663762242,0.8035084605,0.1301153451,0.0935782567,0.2419268191,0.1598398238,0.5046550632
3287,0.8845426440,0.9533722401,0.0616356693,0.7621644735,0.1761998832,0.0424648374,0.1735540181,0.0247341134,0.7592470050
3288,0.5007416010,0.7965061665,0.1201063097,0.1515507251,0.7283430099,0.7214066386,0.0451048128,0.0602984913,0.1731900871
3289,0.9661610126,0.9333162308,0.5888215303,0.0819129869,0.3292654753,0.1540573388,0.3510312736,0.0362591781,0.4586521387
3290,0.8353589177,0.9288970232,0.1333586723,0.7498307228,0.1168106422,0.0383494049,0.9088196754,0.0361888111,0.0166421439
3291,0.9555746913,0.0454770662,0.1262812018,0.8378920555,0.0358267128,0.0336054564,0.0943389609,0.0271854755,0.8448700905
3292,0.7657126784,0.9428423643,0.0583224110,0.6442005038,0.2974771261,0.0295960847,0.0913841277,0.0431910716,0.8358287215
3293,0.8118641376,0.9737278819,0.5790199637,0.1962663084,0.2247137427,0.2383878231,0.0323977135,0.0670894384,0.6621249914
3294,0.8269515634,0.9614444971,0.0481344163,0.7593428493,0.1925227344,0.0299691316,0.1053325757,0.0209838692,0.8437144160
3295,0.9212004542,0.9336473942,0.1461795270,0.6734368205,0.1803836375,0.0355321318,0.2127986252,0.0272422396,0.7244269848
3296,0.9709244967,0.9599927664,0.1811036319,0.6544288397,0.1644675434,0.0475834198,0.2503601313,0.0154034169,0.6866530180
3297,0.7163728476,0.8853479624,0.0931364074,0.2393803895,0.6674831510,0.1650802195,0.8212136626,0.0076543516,0.0060517336
3298,0.9944530129,0.0107467249,0.1943327039,0.7115921378,0.0940751210,0.0376008004,0.3180668354,0.0905238837,0.5538085103
3299,0.9393835664,0.9123442769,0.3114365637,0.5252004266,0.1633630097,0.0719680712,0.5493187904,0.0198857766,0.3588273227
3300,0.8033667803,0.9585477710,0.1341111809,0.5641335845,0.3017551899,0.0371119939,0.2269476354,0.0471092053,0.6888312101
3301,0.6404168010,0.9427835345,0.1036674753,0.0527471080,0.8435853720,0.7732732892,0.0191396829,0.0729590356,0.1346279234
3302,0.7668187022,0.7588668466,0.2554515600,0.1664022952,0.5781461596,0.3533764482,0.5277082920,0.0293192677,0.0895959437
3303,0.9742238522,0.9599997997,0.1757427901,0.5963425636,0.2279146910,0.0338145085,0.1881907731,0.0164581258,0.7615365982
3304,0.6248958111,0.9295417070,0.0451047421,0.8431514502,0.1117437929,0.0478384197,0.1997876763,0.0336951204,0.7186788321
3305,0.8536437750,0.9200629592,0.1163029224,0.7540323734,0.1296647042,0.0641922504,0.3221737146,0.0661089793,0.5475250483
3306,0.3804667890,0.9411255717,0.0531691536,0.7938293815,0.1530014127,0.0442347489,0.2009198368,0.0459166691,0.7089287639
3307,0.8792051673,0.9349169731,0.3157340884,0.4278466105,0.2564193010,0.1923952252,0.5553171635,0.0473430194,0.2049445808
3308,0.8574978113,0.9597808123,0.0755227432,0.7130246162,0.2114526480,0.0302782934,0.1432970464,0.0298563596,0.7965682745
3309,0.8843906522,0.9329868555,0.1553132832,0.6557649374,0.1889218092,0.0515494347,0.3162874877,0.0235123597,0.6086507440
3310,0.9951161146,0.0265258290,0.4191811085,0.5122798681,0.0685390159,0.0361548476,0.2627308667,0.0894753188,0.6116389036
3311,0.8355585933,0.9534245729,0.0909054875,0.7100007534,0.1990937591,0.0387589000,0.1710388213,0.0266328640,0.7635694146
3312,0.4593802392,0.8840420842,0.0268709064,0.0233685728,0.9497605562,0.9280518889,0.0091366451,0.0160141848,0.0467973500
3313,0.7756915689,0.9417330623,0.0983250886,0.7684010267,0.1332739294,0.0504810996,0.3786108494,0.0268576462,0.5440503955
3314,0.9794077873,0.9273915291,0.2855684757,0.4967887998,0.2176426649,0.0519262478,0.2307033241,0.0202351753,0.6971352696
3315,0.2813119292,0.9295158386,0.0339621045,0.8407300711,0.1253077537,0.0216464736,0.0719222948,0.0731135905,0.8333176374
3316,0.9112395644,0.9496431351,0.1932443380,0.5260908008,0.2806648612,0.0319678374,0.1855935156,0.0385732241,0.7438653708
3317,0.6427369714,0.9240567088,0.0936670601,0.7475934029,0.1587395519,0.0536950044,0.2518424988,0.0422940664,0.6521683931
3318,0.9929783940,0.9628695250,0.2383081913,0.5349759459,0.2267158777,0.0367749706,0.3601222336,0.0248138607,0.5782889128
3319,0.8663032055,0.9604314566,0.2146187276,0.3381184638,0.4472627938,0.1886118352,0.7485551238,0.0232829768,0.0395500474
3320,0.9339698553,0.9478509426,0.1342428476,0.4812968373,0.3844603002,0.1606093049,0.7144241929,0.0311191902,0.0938473344
3321,0.9835302234,0.9219225049,0.2902262509,0.5677849650,0.1419887692,0.0429413803,0.3179509342,0.0168797933,0.6222278476
3322,0.7881212234,0.8553353548,0.1777397841,0.4877693355,0.3344908655,0.1956855804,0.3770802915,0.0673729181,0.3598612547
3323,0.8407017589,0.9407552481,0.0720759407,0.6667551398,0.2611688375,0.0302342102,0.1036478803,0.0358652882,0.8302526474
3324,0.9921665192,0.0250863079,0.2290383726,0.7455062270,0.0254554376,0.0085405242,0.0492398404,0.0602958836,0.8819237947
3325,0.7477032542,0.8657370210,0.1771328151,0.6239673495,0.1988998652,0.0974840894,0.6808583736,0.0673731342,0.1542843580
3326,0.9378489852,0.9345447421,0.3297720551,0.5102249384,0.1600030065,0.1592440307,0.5206167698,0.1047034934,0.2154357135
3327,0.7708838582,0.9500985146,0.0617427528,0.7513571382,0.1869001240,0.0423558764,0.1826454848,0.0236740857,0.7513245344
3328,0.9623806477,0.0446050614,0.1228146330,0.8398517370,0.0373336561,0.0336338617,0.0942602530,0.0293116346,0.8427942991
3329,0.9628804922,0.0044454075,0.0219642408,0.8333889246,0.1446468830,0.3071254194,0.1224773750,0.1084985286,0.4618986547
3330,0.8560977578,0.9611946344,0.2704662681,0.3129286170,0.4166051149,0.2868615687,0.4642266333,0.0570952967,0.1918164790
3331,0.9080472589,0.9529194236,0.0642542094,0.6256746650,0.3100711405,0.1795909107,0.7669593692,0.0367192701,0.0167304333
3332,0.6601977944,0.9232249260,0.1372109205,0.7076262832,0.1551627815,0.0520079918,0.3661980927,0.0372685939,0.5445253253
3333,0.5570530295,0.9372408986,0.1024805158,0.7469313145,0.1505880952,0.0459413752,0.3312398493,0.0396509729,0.5831677914
3334,0.7916418314,0.8893843889,0.1246493533,0.1377338916,0.7376167774,0.2060197890,0.7818284035,0.0069832453,0.0051685432
3335,0.6770083904,0.9499481916,0.0375091173,0.0241032727,0.9383876920,0.9310095310,0.0064704753,0.0344866924,0.0280333441
3336,0.8951132298,0.9266564250,0.2183618844,0.5880132914,0.1936248541,0.1280412078,0.4751838744,0.0560437925,0.3407311440
3337,0.9628511667,0.0439997129,0.1225384921,0.8398869634,0.0375745893,0.0336591639,0.0926770493,0.0390876196,0.8345760703
3338,0.1689253896,0.9543276429,0.1127958149,0.1223921403,0.7648119926,0.8407890797,0.0100571569,0.0358759575,0.1132778004
3339,0.7669973373,0.8888238072,0.1087648720,0.1834437847,0.7077914476,0.1811271608,0.8064731359,0.0069374698,0.0054622120
3340,0.9755396843,0.0347667895,0.0850427896,0.8519593477,0.0629978403,0.0588270687,0.0796074420,0.0321116857,0.8294538260
3341,0.7374657989,0.9235398769,0.0642372146,0.9036835432,0.0320792384,0.0146171330,0.0851408020,0.0769863352,0.8232557178
3342,0.9562085271,0.9433097243,0.3539545834,0.3552463055,0.2907991111,0.1092510596,0.8343703747,0.0211594440,0.0352190174
3343,0.6794807315,0.8895524740,0.1185209006,0.6444842815,0.2369948179,0.0610678047,0.1829862446,0.0416221321,0.7143237591
3344,0.8869405985,0.9424394965,0.1224042475,0.7107550502,0.1668407768,0.0516827554,0.2681817412,0.0219394304,0.6581960917
3345,0.5907002091,0.9663403034,0.3019779325,0.2198163420,0.4782057106,0.3387050629,0.0542030446,0.0870791078,0.5200127959
3346,0.9252352118,0.2550272644,0.1474932730,0.6964445710,0.1560621262,0.0799631178,0.1202408671,0.0392067544,0.7605891824
3347,0.9389265180,0.9431284666,0.1832750440,0.6293495893,0.1873753965,0.0407780744,0.1891435832,0.0180224814,0.7520558834
3348,0.9953828454,0.0182635952,0.2570738196,0.6681467891,0.0747793466,0.0348376855,0.5039007068,0.0644750074,0.3967866600
3349,0.6213629842,0.9332080483,0.0641822442,0.7877841592,0.1480335444,0.0387390368,0.1655421704,0.0397046395,0.7560141683
3350,0.2386219501,0.9419366717,0.0222955495,0.7839462757,0.1937581301,0.0250117015,0.0639034137,0.0636231750,0.8474617600
3351,0.8185394406,0.9570509195,0.0678204075,0.7224265933,0.2097530365,0.0270702783,0.1094454750,0.0282541849,0.8352300525
3352,0.9293865561,0.9199259877,0.3400213420,0.1472511888,0.5127274990,0.1346847564,0.8296189308,0.0172986872,0.0183976591
3353,0.6543328762,0.9321298003,0.1128538921,0.7127462029,0.1743998826,0.0535873882,0.3083873093,0.0351583324,0.6028670669
3354,0.7113348842,0.9284916520,0.1032084227,0.7201476693,0.1766438782,0.0435458273,0.2015005648,0.0368385613,0.7181150913
3355,0.9588571787,0.9345945120,0.1492006928,0.5906733274,0.2601259649,0.0407028757,0.1922784299,0.0192332007,0.7477854490
3356,0.9611204267,0.9264637828,0.1845076382,0.6621508598,0.1533414871,0.0434035733,0.2542331219,0.0193952229,0.6829680800
3357,0.8200443387,0.9469191432,0.0699550658,0.7603266835,0.1697182804,0.0456085131,0.2240044922,0.0227631144,0.7076239586
3358,0.9864944220,0.9407299161,0.2152840942,0.5566851497,0.2280307263,0.0371823609,0.2281290293,0.0156502761,0.7190383077
3359,0.2105050832,0.9343962669,0.0259145815,0.8461555839,0.1279298216,0.0177233778,0.0569837950,0.0743460134,0.8509469032
3360,0.9169319868,0.9548209310,0.0961969346,0.6915960312,0.2122070342,0.0280891526,0.1025118828,0.0198502559,0.8495486975
3361,0.8582000732,0.9547224641,0.2490817010,0.6171883941,0.1337299049,0.1774753630,0.6030732393,0.0830568001,0.1363946050
3362,0.9128305912,0.9479906559,0.3087122142,0.3522098064,0.3390779495,0.1167080626,0.5509999990,0.0555827282,0.2767091691
3363,0.9943643808,0.9523978829,0.2639435232,0.5011752844,0.2348811626,0.0139225544,0.0828806534,0.0204993971,0.8826974034
3364,0.5550897717,0.9375746846,0.1034796759,0.7557029724,0.1408174336,0.0437430888,0.3247318268,0.0325464159,0.5989786983
3365,0.9565858245,0.9391247630,0.2051608562,0.0258086789,0.7690304518,0.3341661692,0.6505139470,0.0063527450,0.0089671277
3366,0.9494345188,0.1244549379,0.1482520700,0.7692495584,0.0824984089,0.0551824868,0.1081375703,0.0290102977,0.8076696396
3367,0.7218655348,0.9567345977,0.0378569514,0.7841588259,0.1779841930,0.0290548336,0.1010041162,0.0227788147,0.8471622467
3368,0.8361179829,0.9401804805,0.0759959742,0.6833838820,0.2406201810,0.0304427147,0.1092976332,0.0360866040,0.8241731524
3369,0.7621215582,0.8334252834,0.2154656649,0.5289282799,0.2556059957,0.0988835618,0.2532119751,0.0399737768,0.6079306602
3370,0.9886023402,0.9409369230,0.2585520446,0.6009029150,0.1405451000,0.0316597335,0.2523149848,0.0142762708,0.7017490864
3371,0.9110901356,0.9459415674,0.0992619544,0.6754158735,0.2253221571,0.0290965009,0.1046685129,0.0258524083,0.8403825760
3372,0.8653395176,0.9293215275,0.2016545087,0.5104003549,0.2879451811,0.1034044325,0.1082089469,0.0646005943,0.7237859964
3373,0.7753348351,0.9531082511,0.0623822659,0.7696704865,0.1679472923,0.0359964073,0.1715008020,0.0225951020,0.7699077129
3374,0.9344942570,0.9551008940,0.2289521396,0.7080191374,0.0630287156,0.0220135506,0.5389215350,0.0902346969,0.3488302231
3375,0.9737524986,0.9183106422,0.3221352696,0.5094664097,0.1683983505,0.0438338332,0.5743633509,0.0397333950,0.3420694470
3376,0.9817014933,0.9574294090,0.1909958273,0.6001071930,0.2088969797,0.0410163887,0.2094861269,0.0147577738,0.7347397208
3377,0.9018531442,0.9338935018,0.1260316521,0.6844004989,0.1895678937,0.0435926616,0.2323025316,0.0285646804,0.6955401301
3378,0.6837069392,0.9376729727,0.0622851178,0.7957507372,0.1419641525,0.0111059844,0.0384802446,0.0696719661,0.8807418346
3379,0.5138118863,0.9415411353,0.0966075882,0.7468246818,0.1565677077,0.0494298302,0.3389873505,0.0370169021,0.5745658875
3380,0.9305648208,0.9436931014,0.1341788471,0.5445500016,0.3212711811,0.1697020084,0.5214986205,0.0666703135,0.2421290725
3381,0.8787318468,0.8224202991,0.2338136137,0.1239958331,0.6421905756,0.3753218949,0.5434232354,0.0231553521,0.0580995977
3382,0.9703715444,0.9608247280,0.2763749957,0.0533749312,0.6702500582,0.2278600335,0.7404129505,0.0097477781,0.0219791904
3383,0.7863062024,0.9721876979,0.7152826786,0.1444658637,0.1402514428,0.0523727536,0.0088973371,0.0193007905,0.9194290638
3384,0.9531738162,0.9375481606,0.0933480486,0.3614279628,0.5452238917,0.0576894730,0.9356700182,0.0049720928,0.0016683739
3385,0.7901238203,0.9554998875,0.0556914397,0.7761412859,0.1681672931,0.0388871767,0.1698665470,0.0194238424,0.7718224525
3386,0.9661890864,0.1702616811,0.2832883596,0.5598157048,0.1568959355,0.0723435804,0.2904985845,0.0811910555,0.5559667945
3387,0.8009437919,0.9063040614,0.1466470510,0.7262428999,0.1271100491,0.0281404033,0.9384778738,0.0240253359,0.0093563423
3388,0.9019119143,0.9816598296,0.7585021853,0.1060639322,0.1354339272,0.0755027980,0.0172410812,0.0201640613,0.8870919943
3389,0.6018077731,0.9387908578,0.0604127310,0.7829161286,0.1566711664,0.0416604616,0.1854282022,0.0314232893,0.7414879799
3390,0.2869092226,0.9372788072,0.0355243720,0.8302715421,0.1342041045,0.0219927728,0.0759887323,0.0659590811,0.8360595107
3391,0.7779372931,0.9384618402,0.1352981031,0.5909955502,0.2737063169,0.0409131162,0.2119608372,0.0462834351,0.7008426785
3392,0.8761374950,0.9285037518,0.1673378497,0.6692801118,0.1633820385,0.0688769817,0.3941349983,0.0209749676,0.5160131454
3393,0.2394680083,0.9289368391,0.0330677964,0.8585886955,0.1083435044,0.0207123924,0.0797083676,0.0669158846,0.8326633573
3394,0.9024857879,0.9824990034,0.6976701617,0.0950140506,0.2073157728,0.1630630493,0.0260005072,0.0224953853,0.7884410024
3395,0.9868350625,0.0186323877,0.0588799976,0.9097266793,0.0313933380,0.0390225723,0.0807167515,0.0270811152,0.8531795144
3396,0.9941621423,0.0290859230,0.0883886069,0.8571698666,0.0544415154,0.0443066433,0.0633722469,0.0435411520,0.8487799764
3397,0.9447935224,0.9176955223,0.1848136336,0.6714289784,0.1437574178,0.0430846177,0.2569211125,0.0216767546,0.6783175468
3398,0.9944980741,0.9201134443,0.3958046734,0.3557038307,0.2484915107,0.0726192892,0.8295627832,0.0072964220,0.0905214921
3399,0.9497516155,0.9375184774,0.1484720856,0.6672931910,0.1842347234,0.0437844880,0.2564662695,0.0195420329,0.6802071929
3400,0.9780178666,0.0414694175,0.1181801483,0.8386968970,0.0431229360,0.0402675346,0.0794026330,0.0292697772,0.8510600924
3401,0.9523482323,0.0539948083,0.1336049139,0.8184095621,0.0479855277,0.0382213444,0.0978557244,0.0331156664,0.8308072686
3402,0.6791269779,0.9109957218,0.0678135678,0.7894960642,0.1426903605,0.0503377244,0.1732449681,0.0297523700,0.7466649413
3403,0.5769889951,0.8407238722,0.1298854351,0.1301367283,0.7399777770,0.3885516822,0.5599611402,0.0156462640,0.0358409472
3404,0.8437353969,0.9263236523,0.2535359859,0.3160862327,0.4303777516,0.2502164841,0.5492300987,0.0425865874,0.1579668075
3405,0.8560801744,0.9596135020,0.0742369592,0.7125509381,0.2132120579,0.0293461476,0.1176793650,0.0268004369,0.8261739612
3406,0.9650039077,0.0630671233,0.1006166413,0.8275506496,0.0718327388,0.0442636050,0.0853246376,0.0539730452,0.8164387941
3407,0.9724684358,0.9517846107,0.1957081258,0.6410127282,0.1632791907,0.0438647270,0.2216333747,0.0165800769,0.7179218531
3408,0.9138838053,0.9279075265,0.1535751224,0.6790457368,0.1673791558,0.0379319377,0.2312668562,0.0300844107,0.7007167339
3409,0.9639011621,0.9045185447,0.2269016653,0.6259304881,0.1471678168,0.0468609519,0.8830455542,0.0359015539,0.0341919512
3410,0.9442592859,0.9426847100,0.2498821169,0.5312123299,0.2189055085,0.0415067039,0.8037430048,0.0165916048,0.1381586641
3411,0.8742831945,0.9468193054,0.1169202104,0.7323670387,0.1507127881,0.0685615316,0.4396072328,0.0214303397,0.4704008698
